state,county,year,snow_days
AK,MATANUSKA-SUSITNA BOROUGH,2022,190
AK,ANCHORAGE BOROUGH,2022,176
CA,NEVADA,2022,109
AK,YUKON-KOYUKUK,2022,220
AK,FAIRBANKS NORTH STAR BOROUGH,2022,208
AK,SOUTHEAST FAIRBANKS,2022,217
AK,VALDEZ-CORDOVA,2022,94
TN,DAVIDSON,2022,15
OK,OKLAHOMA,2022,11
KY,FAYETTE,2022,31
NY,ONONDAGA,2022,97
OH,SUMMIT,2022,57
NY,ERIE,2022,95
IL,PEORIA,2022,53
UT,SALT LAKE,2022,53
NV,HUMBOLDT,2022,32
NH,MERRIMACK,2022,88
MI,KENT,2022,89
MI,GENESEE,2022,80
MI,SAGINAW,2022,73
MI,GRAND TRAVERSE,2022,95
WI,LA CROSSE,2022,94
WI,CHIPPEWA,2022,100
IA,CLAY,2022,36
MN,HENNEPIN,2022,118
MN,KOOCHICHING,2022,150
ND,CASS,2022,128
ND,GRAND FORKS,2022,149
ND,BURLEIGH,2022,113
MT,BEAVERHEAD,2022,76
MT,MISSOULA,2022,107
MT,HILL,2022,80
IA,SCOTT,2022,46
AK,MATANUSKA-SUSITNA BOROUGH,2021,208
AK,FAIRBANKS NORTH STAR BOROUGH,2021,215
CA,NEVADA,2021,71
MT,GALLATIN,2021,51
AK,YUKON-KOYUKUK,2021,219
AK,ANCHORAGE BOROUGH,2021,172
AK,BRISTOL BAY BOROUGH,2021,152
AK,JUNEAU BOROUGH,2021,118
MO,GREENE,2021,13
MO,JOHNSON,2021,11
KS,FORD,2021,16
NV,WASHOE,2021,16
NY,QUEENS,2021,27
PA,LYCOMING,2021,42
PA,LEBANON,2021,17
NY,ALBANY,2021,54
OH,TRUMBULL,2021,58
NY,MONROE,2021,58
IL,COOK,2021,62
IL,WINNEBAGO,2021,68
IA,DUBUQUE,2021,73
IA,CERRO GORDO,2021,71
NE,LANCASTER,2021,44
NE,HALL,2021,39
NE,SARPY,2021,32
NE,MADISON,2021,50
UT,DAVIS,2021,40
ME,CUMBERLAND,2021,61
ME,PENOBSCOT,2021,88
MI,SAGINAW,2021,65
MI,ALPENA,2021,95
WI,DANE,2021,77
WI,CHIPPEWA,2021,90
WI,MARATHON,2021,93
SD,ROBERTS,2021,48
MN,SHERBURNE,2021,99
SD,WALWORTH,2021,22
ME,AROOSTOOK,2021,123
MI,CHIPPEWA,2021,138
MN,ST. LOUIS,2021,116
ND,GRAND FORKS,2021,110
MT,BEAVERHEAD,2021,34
MT,FLATHEAD,2021,63
OH,GREENE,2021,24
AK,MATANUSKA-SUSITNA BOROUGH,2020,202
AK,SKAGWAY-HOONAH-ANGOON,2020,83
WI,WINNEBAGO,2020,72
AK,ANCHORAGE BOROUGH,2020,167
MO,JOHNSON,2020,15
AK,YUKON-KOYUKUK,2020,209
AK,FAIRBANKS NORTH STAR BOROUGH,2020,194
AK,JUNEAU BOROUGH,2020,93
OK,OKLAHOMA,2020,12
KY,JEFFERSON,2020,2
OH,MONTGOMERY,2020,26
CO,ALAMOSA,2020,47
OH,CUYAHOGA,2020,43
PA,ERIE,2020,38
NY,ERIE,2020,54
NY,MONROE,2020,59
IL,COOK,2020,45
MI,CLINTON,2020,42
IA,CERRO GORDO,2020,74
NE,ADAMS,2020,36
NE,MADISON,2020,42
WY,LARAMIE,2020,45
NE,CHERRY,2020,52
ME,CUMBERLAND,2020,81
ME,PENOBSCOT,2020,76
VT,CHITTENDEN,2020,86
MI,GRAND TRAVERSE,2020,84
WI,DANE,2020,85
WI,LA CROSSE,2020,68
WI,JUNEAU,2020,67
WI,BROWN,2020,66
SD,BEADLE,2020,84
SD,CODINGTON,2020,99
MN,CROW WING,2020,96
WY,FREMONT,2020,125
MT,YELLOWSTONE,2020,76
ME,AROOSTOOK,2020,143
MI,CHIPPEWA,2020,128
MN,ST. LOUIS,2020,165
ND,GRAND FORKS,2020,123
WA,SPOKANE,2020,60
NY,JEFFERSON,2020,47
NH,HILLSBOROUGH,2020,66
IA,SCOTT,2020,31
AK,SKAGWAY-HOONAH-ANGOON,2021,75
MT,HILL,2021,53
NH,COOS,2021,189
AK,SOUTHEAST FAIRBANKS,2021,210
OK,KIOWA,2021,6
KY,BOONE,2021,30
CO,EL PASO,2021,44
OH,SUMMIT,2021,46
PA,ERIE,2021,47
IA,POLK,2021,67
NE,ADAMS,2021,39
NE,SCOTTS BLUFF,2021,37
NE,CHERRY,2021,51
NH,MERRIMACK,2021,89
MI,KENT,2021,76
MN,OLMSTED,2021,73
WI,WOOD,2021,24
WY,FREMONT,2021,55
MT,FERGUS,2021,57
NM,UNION,2022,11
WV,RANDOLPH,2022,35
OH,RICHLAND,2022,35
IL,ST. CLAIR,2022,16
NV,WHITE PINE,2022,91
OH,CUYAHOGA,2022,65
OH,TRUMBULL,2022,67
PA,ERIE,2022,48
NY,MONROE,2022,70
MI,MACOMB,2022,36
IA,DUBUQUE,2022,71
NE,SCOTTS BLUFF,2022,54
UT,DAVIS,2022,51
ID,POWER,2022,72
ME,CUMBERLAND,2022,67
ME,PENOBSCOT,2022,72
VT,CHITTENDEN,2022,96
MI,MUSKEGON,2022,84
WI,DANE,2022,101
WI,JUNEAU,2022,52
WI,MARATHON,2022,109
SD,BEADLE,2022,49
SD,CODINGTON,2022,92
MI,CHIPPEWA,2022,136
NH,COOS,2020,201
AK,BETHEL,2020,18
AK,VALDEZ-CORDOVA,2020,138
PA,DAUPHIN,2020,17
OH,RICHLAND,2020,27
NV,WHITE PINE,2020,39
NY,ONONDAGA,2020,79
OH,SUMMIT,2020,47
OH,TRUMBULL,2020,68
IA,BLACK HAWK,2020,70
WY,NATRONA,2020,69
MI,MUSKEGON,2020,59
MI,ROSCOMMON,2020,91
MN,OLMSTED,2020,75
MN,SHERBURNE,2020,94
SD,BROWN,2020,81
MT,HILL,2020,66
MT,FLATHEAD,2020,71
CA,NEVADA,2020,53
AK,BRISTOL BAY BOROUGH,2020,150
CO,ARAPAHOE,2020,41
RI,KENT,2020,15
PA,LYCOMING,2020,26
MI,WAYNE,2020,44
IA,WOODBURY,2020,54
MI,ALPENA,2020,96
MT,FERGUS,2020,73
MN,KOOCHICHING,2020,151
ND,CASS,2020,104
OH,GREENE,2020,14
MD,ANNE ARUNDEL,2020,5
WV,RANDOLPH,2020,30
KY,FAYETTE,2020,12
IL,SANGAMON,2020,18
CO,PUEBLO,2020,17
CT,HARTFORD,2020,31
NY,ALBANY,2020,46
IA,POLK,2020,66
IA,DUBUQUE,2020,73
NE,LANCASTER,2020,25
NE,HALL,2020,32
MI,KENT,2020,50
SD,MINNEHAHA,2020,73
SD,ROBERTS,2020,82
MN,HENNEPIN,2020,91
MT,GALLATIN,2020,62
MT,VALLEY,2020,79
MA,NORFOLK,2020,23
CO,ARAPAHOE,2021,25
TX,DALLAM,2021,10
AK,BETHEL,2021,13
TX,BEXAR,2021,6
NY,ONONDAGA,2021,73
IN,ALLEN,2021,32
IA,WOODBURY,2021,53
WY,NATRONA,2021,76
MI,BERRIEN,2021,21
MI,MUSKEGON,2021,68
MI,ROSCOMMON,2021,93
WI,MILWAUKEE,2021,70
SD,CODINGTON,2021,98
SD,HUGHES,2021,20
ND,CASS,2021,95
NH,HILLSBOROUGH,2021,61
TX,CHILDRESS,2021,9
AR,JEFFERSON,2021,8
NJ,BURLINGTON,2021,20
OH,MONTGOMERY,2021,30
CO,ALAMOSA,2021,17
CT,HARTFORD,2021,44
MI,GRAND TRAVERSE,2021,75
MN,KOOCHICHING,2021,121
MT,LEWIS AND CLARK,2021,44
ID,NEZ PERCE,2021,14
IA,SCOTT,2021,66
AK,NORTH SLOPE BOROUGH,2022,11
AK,BRISTOL BAY BOROUGH,2022,130
MO,ST. LOUIS,2022,27
CT,HARTFORD,2022,47
NY,ALBANY,2022,72
IN,ALLEN,2022,37
IN,ST. JOSEPH,2022,68
IA,BLACK HAWK,2022,82
MI,ROSCOMMON,2022,106
MI,ALPENA,2022,106
WI,MILWAUKEE,2022,55
WI,BROWN,2022,69
SD,ROBERTS,2022,107
ID,ADA,2022,29
ME,AROOSTOOK,2022,138
MT,VALLEY,2022,85
MT,CASCADE,2022,97
NH,HILLSBOROUGH,2022,54
AK,VALDEZ-CORDOVA,2021,151
OH,CLINTON,2021,24
IL,SANGAMON,2021,29
KS,SHAWNEE,2021,17
KS,SHERMAN,2021,16
NJ,ESSEX,2021,24
NJ,BERGEN,2021,14
CT,FAIRFIELD,2021,31
RI,KENT,2021,31
NY,ERIE,2021,56
MI,WAYNE,2021,46
NV,HUMBOLDT,2021,25
WI,LA CROSSE,2021,75
SD,DAVISON,2021,55
ND,BURLEIGH,2021,43
AK,SOUTHEAST FAIRBANKS,2020,187
TN,SULLIVAN,2020,10
IN,ST. JOSEPH,2020,30
IL,WINNEBAGO,2020,52
ID,POWER,2020,31
WI,MARATHON,2020,97
WI,WOOD,2020,81
MT,CASCADE,2020,54
VA,LOUDOUN,2020,8
PA,ALLEGHENY,2020,24
UT,SALT LAKE,2020,37
MT,GLACIER,2020,66
MT,BEAVERHEAD,2020,44
MT,MISSOULA,2020,48
AK,SKAGWAY-HOONAH-ANGOON,2022,16
AK,BETHEL,2022,21
VA,LOUDOUN,2022,17
DE,NEW CASTLE,2022,8
OH,FRANKLIN,2022,34
OH,CLINTON,2022,16
MI,WAYNE,2022,59
MN,OLMSTED,2022,90
SD,DAVISON,2022,47
MN,SHERBURNE,2022,115
SD,HUGHES,2022,39
WI,WOOD,2022,84
MT,GALLATIN,2022,107
OH,FRANKLIN,2020,22
NV,WASHOE,2020,10
CT,FAIRFIELD,2020,14
IL,PEORIA,2020,30
MI,GENESEE,2020,61
IN,MIAMI,2020,13
NE,SCOTTS BLUFF,2020,24
UT,DAVIS,2020,45
NV,ELKO,2020,35
NH,MERRIMACK,2020,98
WI,CHIPPEWA,2020,89
SD,HUGHES,2020,63
ND,BURLEIGH,2020,60
AK,NORTH SLOPE BOROUGH,2021,16
LA,BOSSIER,2021,5
MS,LEE,2021,4
IL,PEORIA,2021,37
MI,CLINTON,2021,75
VT,CHITTENDEN,2021,102
MI,GENESEE,2021,75
MT,YELLOWSTONE,2021,53
MT,MISSOULA,2021,44
WA,PIERCE,2021,10
MA,NORFOLK,2021,36
TN,HAMILTON,2020,2
WV,KANAWHA,2020,16
NE,SARPY,2020,33
WI,MILWAUKEE,2020,44
SD,DAVISON,2020,82
AK,JUNEAU BOROUGH,2022,68
NC,WAKE,2022,3
MD,ANNE ARUNDEL,2022,14
NY,QUEENS,2022,15
PA,LEBANON,2022,3
OH,LUCAS,2022,31
NV,ELKO,2022,62
SD,BROWN,2022,66
WY,FREMONT,2022,93
MT,YELLOWSTONE,2022,87
MT,FERGUS,2022,23
MN,ST. LOUIS,2022,162
MT,LEWIS AND CLARK,2022,99
CO,EL PASO,2022,53
KS,SHERMAN,2020,18
MI,SAGINAW,2020,45
ID,ADA,2020,10
MT,LEWIS AND CLARK,2020,35
CO,EL PASO,2020,45
OH,LUCAS,2020,25
SD,WALWORTH,2020,70
AK,SITKA BOROUGH,2020,5
TX,POTTER,2020,11
MO,ST. LOUIS,2020,10
KS,FORD,2020,24
IN,ALLEN,2020,29
NE,DOUGLAS,2020,47
AR,SEBASTIAN,2021,9
PA,DAUPHIN,2021,26
KY,FAYETTE,2021,21
KS,CLOUD,2021,23
OH,CUYAHOGA,2021,41
UT,SALT LAKE,2021,36
WI,WINNEBAGO,2021,11
SD,MINNEHAHA,2021,61
SD,BEADLE,2021,56
SD,BROWN,2021,63
MT,GLACIER,2021,46
TX,TAYLOR,2021,9
NM,BERNALILLO,2021,8
IL,ST. CLAIR,2021,12
IA,BLACK HAWK,2021,74
MN,HENNEPIN,2021,86
WA,SPOKANE,2021,50
NJ,ATLANTIC,2022,11
OH,MONTGOMERY,2022,32
CO,ALAMOSA,2022,29
NV,WASHOE,2022,18
PA,ALLEGHENY,2022,40
IL,COOK,2022,67
NE,DOUGLAS,2022,29
NE,MADISON,2022,11
WY,NATRONA,2022,81
MI,KALAMAZOO,2022,23
SD,MINNEHAHA,2022,45
SD,WALWORTH,2022,55
MT,GLACIER,2022,84
MA,HAMPDEN,2022,31
UT,TOOELE,2021,2
TX,TRAVIS,2021,9
AK,NOME,2021,13
NE,LINCOLN,2021,31
WI,BROWN,2021,72
MA,HAMPDEN,2021,35
WI,JUNEAU,2021,73
WV,RANDOLPH,2021,42
MO,ST. LOUIS,2021,18
PA,LEHIGH,2021,28
NE,DOUGLAS,2021,46
OR,MULTNOMAH,2021,12
MT,CASCADE,2021,43
NY,JEFFERSON,2021,86
MD,ANNE ARUNDEL,2021,15
KY,JEFFERSON,2021,21
NV,WHITE PINE,2021,48
WY,LARAMIE,2021,45
ID,POWER,2021,30
NM,UNION,2021,7
OR,UMATILLA,2021,17
CO,PUEBLO,2022,22
IL,WINNEBAGO,2022,61
IA,POLK,2022,75
IA,CERRO GORDO,2022,88
NE,LINCOLN,2022,26
WY,LARAMIE,2022,57
WI,WINNEBAGO,2022,77
ND,WARD,2022,40
MT,FLATHEAD,2022,74
WA,SPOKANE,2022,88
OH,GREENE,2022,15
WA,ISLAND,2021,10
DE,NEW CASTLE,2021,12
PA,ALLEGHENY,2021,31
OH,RICHLAND,2021,33
OH,FRANKLIN,2021,26
IN,MARION,2021,27
IN,ST. JOSEPH,2021,47
MI,MACOMB,2021,32
NV,ELKO,2021,27
MT,VALLEY,2021,41
AK,WADE HAMPTON,2021,11
CO,PUEBLO,2021,19
IN,MIAMI,2021,25
OH,LUCAS,2021,30
MD,HARFORD,2020,2
NH,COOS,2022,189
VA,ROANOKE,2022,16
MO,GREENE,2022,18
CO,ARAPAHOE,2022,42
PA,LEHIGH,2022,14
MI,CLINTON,2022,66
MD,PRINCE GEORGE'S,2022,11
VA,ARLINGTON,2021,7
KS,FORD,2022,16
NE,LANCASTER,2022,12
OR,UMATILLA,2022,29
NY,JEFFERSON,2022,94
PA,LEBANON,2020,8
NV,HUMBOLDT,2020,18
TN,BLOUNT,2020,7
ID,ELMORE,2020,5
MA,HAMPDEN,2020,24
MD,HARFORD,2022,6
KS,GEARY,2022,7
KS,SHERMAN,2022,27
WA,PIERCE,2022,3
VA,ARLINGTON,2022,11
IA,WOODBURY,2022,26
KY,BOONE,2022,29
KY,JEFFERSON,2022,19
KS,SHAWNEE,2022,24
IN,MIAMI,2022,29
NE,CHERRY,2022,31
NC,GUILFORD,2022,10
AR,SEBASTIAN,2022,13
AR,WASHINGTON,2022,17
DC,LOUDOUN,2022,17
SD,MEADE,2022,7
PA,DAUPHIN,2022,19
ID,NEZ PERCE,2022,28
AK,ANCHORAGE BOROUGH,2004,122
NY,MONROE,2004,87
SD,MINNEHAHA,2004,41
MI,KENT,2004,83
AK,KODIAK ISLAND BOROUGH,2004,56
AK,BRISTOL BAY BOROUGH,2004,104
WA,KITTITAS,2004,96
AK,ALEUTIANS WEST,2004,90
NY,ALBANY,2004,46
AK,NOME,2004,90
IL,COOK,2004,49
VA,HENRICO,2004,15
MN,ST. LOUIS,2004,121
AK,KENAI PENINSULA BOROUGH,2004,74
VT,CHITTENDEN,2004,95
TX,LUBBOCK,2004,11
AK,VALDEZ-CORDOVA,2004,191
IN,ALLEN,2004,52
AK,YUKON-KOYUKUK,2004,227
NY,CHEMUNG,2004,64
TN,BLOUNT,2004,3
NY,ERIE,2004,90
NY,ONONDAGA,2004,87
VA,ARLINGTON,2004,12
IN,ST. JOSEPH,2004,57
MN,DAKOTA,2004,49
AK,BETHEL,2004,125
MI,MUSKEGON,2004,87
WI,DANE,2004,49
WA,SPOKANE,2004,58
OH,SUMMIT,2004,57
NE,DOUGLAS,2004,43
VA,NORFOLK (CITY),2004,15
NC,GUILFORD,2004,15
MI,GRAND TRAVERSE,2004,84
AK,NORTHWEST ARCTIC BOROUGH,2004,203
AK,JUNEAU BOROUGH,2004,38
OH,TRUMBULL,2004,77
OR,MULTNOMAH,2004,7
NY,QUEENS,2004,35
AK,PRINCE OF WALES-OUTER KETCHIKA,2004,1
PA,ALLEGHENY,2004,45
WI,MILWAUKEE,2004,60
VA,STAFFORD,2004,10
ND,WILLIAMS,2004,59
PA,PHILADELPHIA,2004,17
IL,WINNEBAGO,2004,40
PA,LUZERNE,2004,2
RI,KENT,2004,35
NJ,ESSEX,2004,26
IA,POLK,2004,40
AK,SOUTHEAST FAIRBANKS,2004,198
UT,SALT LAKE,2004,65
OH,CUYAHOGA,2004,69
KY,BOONE,2004,32
AK,VALDEZ-CORDOVA,2013,194
AK,MATANUSKA-SUSITNA BOROUGH,2013,164
CA,NEVADA,2013,60
UT,DAVIS,2013,22
NV,HUMBOLDT,2013,64
ME,AROOSTOOK,2013,129
ND,CASS,2013,144
AK,YUKON-KOYUKUK,2013,227
AK,SOUTHEAST FAIRBANKS,2013,197
AK,SKAGWAY-HOONAH-ANGOON,2013,77
AK,WRANGELL-PETERSBURG,2013,27
MT,CASCADE,2013,69
MN,SHERBURNE,2013,140
AK,FAIRBANKS NORTH STAR BOROUGH,2013,189
NH,COOS,2013,152
WI,WOOD,2013,124
MI,GRAND TRAVERSE,2013,127
SD,ROBERTS,2013,125
WA,SPOKANE,2013,47
CO,EL PASO,2013,40
AK,ANCHORAGE BOROUGH,2013,176
MI,ROSCOMMON,2013,130
IL,COOK,2013,48
WI,LA CROSSE,2013,95
MT,VALLEY,2013,115
ND,GRAND FORKS,2013,154
NV,ELKO,2013,85
SD,BROWN,2013,123
OH,TRUMBULL,2013,94
WA,YAKIMA,2013,9
SD,MINNEHAHA,2013,104
NY,ERIE,2013,78
IL,WINNEBAGO,2013,75
AK,ALEUTIANS WEST,2013,156
TX,MIDLAND,2013,3
NE,LINCOLN,2013,30
NE,SCOTTS BLUFF,2013,39
NE,HALL,2013,40
MI,WAYNE,2013,59
WY,NATRONA,2013,70
MT,HILL,2013,88
KS,SHAWNEE,2013,25
WI,MARATHON,2013,143
MN,KOOCHICHING,2013,171
WI,MILWAUKEE,2013,93
WI,WINNEBAGO,2013,100
MI,MUSKEGON,2013,100
OK,GARFIELD,2013,9
NE,MADISON,2013,33
KS,CLOUD,2013,36
AK,BETHEL,2013,151
OH,RICHLAND,2013,49
MI,CHIPPEWA,2013,167
WA,WALLA WALLA,2013,11
ND,WILLIAMS,2013,101
PA,LYCOMING,2013,44
AK,YAKUTAT BOROUGH,2013,177
SD,HUGHES,2013,80
WY,LARAMIE,2013,55
SD,DAVISON,2013,111
ID,POWER,2013,55
OH,CUYAHOGA,2013,75
SD,WALWORTH,2013,79
AK,NOME,2013,200
AK,KODIAK ISLAND BOROUGH,2013,52
NY,MONROE,2013,100
MT,YELLOWSTONE,2013,73
VA,VIRGINIA BEACH (CITY),2013,3
AK,NORTHWEST ARCTIC BOROUGH,2013,209
WV,KANAWHA,2013,25
CT,FAIRFIELD,2013,38
AK,JUNEAU BOROUGH,2013,79
VT,CHITTENDEN,2013,102
OH,MONTGOMERY,2013,53
NH,MERRIMACK,2013,107
IN,ALLEN,2013,49
IN,MARION,2013,45
MN,ST. LOUIS,2013,154
DC,LOUDOUN,2013,13
OH,GREENE,2013,37
WI,DANE,2013,125
MT,MISSOULA,2013,62
MO,GREENE,2013,17
MI,ALPENA,2013,125
NE,SARPY,2013,39
ME,CUMBERLAND,2013,97
CO,ALAMOSA,2013,84
PA,ALLEGHENY,2013,52
NM,UNION,2013,19
MI,CLINTON,2013,80
IA,SCOTT,2013,50
TN,BLOUNT,2013,7
NY,ONONDAGA,2013,105
NY,QUEENS,2013,28
OR,KLAMATH,2013,27
WI,BROWN,2013,108
MN,OLMSTED,2013,99
WY,FREMONT,2013,115
WV,RANDOLPH,2013,52
NJ,ESSEX,2013,27
MN,HENNEPIN,2013,118
OK,OKLAHOMA,2013,13
MI,SAGINAW,2013,82
IA,CERRO GORDO,2013,88
NV,WHITE PINE,2013,102
MT,LEWIS AND CLARK,2013,43
ME,PENOBSCOT,2013,91
MT,FERGUS,2013,74
AK,ALEUTIANS EAST BOROUGH,2013,55
SD,BEADLE,2013,128
WI,CHIPPEWA,2013,127
TX,POTTER,2013,17
CT,HARTFORD,2013,54
KS,SHERMAN,2013,35
NE,DOUGLAS,2013,54
IL,PEORIA,2013,30
MO,ST. LOUIS,2013,36
WI,JUNEAU,2013,76
ND,WARD,2013,81
DC,LOUDOUN,2021,12
IL,SANGAMON,2022,27
IN,MARION,2022,22
AK,MATANUSKA-SUSITNA BOROUGH,2018,185
AK,SKAGWAY-HOONAH-ANGOON,2018,46
CA,NEVADA,2018,68
NH,COOS,2018,192
ND,GRAND FORKS,2018,168
MT,CASCADE,2018,99
MT,FLATHEAD,2018,100
AK,YUKON-KOYUKUK,2018,207
AK,BETHEL,2018,98
AK,FAIRBANKS NORTH STAR BOROUGH,2018,189
AK,ANCHORAGE BOROUGH,2018,163
AK,SOUTHEAST FAIRBANKS,2018,181
AK,ALEUTIANS WEST,2018,22
AK,ALEUTIANS EAST BOROUGH,2018,47
AK,BRISTOL BAY BOROUGH,2018,131
NC,CUMBERLAND,2018,4
TX,WICHITA,2018,3
NJ,ATLANTIC,2018,12
DE,NEW CASTLE,2018,15
OH,FRANKLIN,2018,37
IL,ST. CLAIR,2018,2
KS,SHAWNEE,2018,15
KS,CLOUD,2018,30
CO,ALAMOSA,2018,17
CO,MESA,2018,8
NJ,ESSEX,2018,30
NY,QUEENS,2018,31
CT,FAIRFIELD,2018,28
CT,HARTFORD,2018,53
PA,LEBANON,2018,19
PA,LEHIGH,2018,24
NY,ONONDAGA,2018,121
PA,ALLEGHENY,2018,47
OH,SUMMIT,2018,57
OH,CUYAHOGA,2018,64
OH,TRUMBULL,2018,85
PA,ERIE,2018,69
NY,ERIE,2018,94
NY,MONROE,2018,99
IL,PEORIA,2018,43
OH,LUCAS,2018,35
MI,MACOMB,2018,35
MI,CLINTON,2018,52
IL,WINNEBAGO,2018,54
IA,POLK,2018,44
IA,FLOYD,2018,40
IA,DUBUQUE,2018,55
IA,CERRO GORDO,2018,107
NE,DOUGLAS,2018,69
NE,LANCASTER,2018,55
NE,HALL,2018,59
NE,SARPY,2018,56
NE,MADISON,2018,78
NE,LINCOLN,2018,77
NE,CHERRY,2018,84
WY,NATRONA,2018,66
UT,SALT LAKE,2018,42
WY,FREMONT,2018,100
ID,POWER,2018,33
NH,MERRIMACK,2018,128
ME,CUMBERLAND,2018,98
ME,PENOBSCOT,2018,108
VT,CHITTENDEN,2018,125
MI,KENT,2018,74
MI,MUSKEGON,2018,82
MI,GENESEE,2018,79
MI,SAGINAW,2018,56
MI,ROSCOMMON,2018,103
MI,ALPENA,2018,103
WI,MILWAUKEE,2018,59
WI,TAYLOR,2018,80
WI,LA CROSSE,2018,84
WI,CHIPPEWA,2018,132
MN,OLMSTED,2018,121
WI,BROWN,2018,76
WI,WINNEBAGO,2018,59
WI,MARATHON,2018,131
SD,MINNEHAHA,2018,88
SD,ROBERTS,2018,48
SD,BEADLE,2018,61
SD,DAVISON,2018,109
SD,CODINGTON,2018,113
MN,SHERBURNE,2018,131
MN,CROW WING,2018,26
SD,HUGHES,2018,60
WI,WOOD,2018,94
SD,BROWN,2018,64
SD,PENNINGTON,2018,73
SD,WALWORTH,2018,49
MT,FERGUS,2018,109
MT,GALLATIN,2018,93
OR,MULTNOMAH,2018,2
ME,AROOSTOOK,2018,168
MI,CHIPPEWA,2018,169
MN,ST. LOUIS,2018,168
MN,KOOCHICHING,2018,168
ND,CASS,2018,139
ND,BURLEIGH,2018,105
MT,VALLEY,2018,105
MT,GLACIER,2018,104
MT,MISSOULA,2018,87
MT,HILL,2018,110
WA,SPOKANE,2018,60
WA,PIERCE,2018,2
NY,JEFFERSON,2018,115
NH,HILLSBOROUGH,2018,63
MA,NORFOLK,2018,25
CO,EL PASO,2018,35
AK,YUKON-KOYUKUK,2007,207
MT,GRANITE,2007,20
NJ,BURLINGTON,2007,10
AK,NOME,2007,193
AK,MATANUSKA-SUSITNA BOROUGH,2007,201
AK,VALDEZ-CORDOVA,2007,221
IA,BLACK HAWK,2007,88
NY,SULLIVAN,2007,40
NH,COOS,2007,195
MI,MUSKEGON,2007,100
UT,SAN JUAN,2007,29
AK,ALEUTIANS WEST,2007,151
OR,UMATILLA,2007,42
IA,WOODBURY,2007,80
IA,POLK,2007,88
AK,BETHEL,2007,147
WI,MILWAUKEE,2007,93
IL,WINNEBAGO,2007,87
AK,SOUTHEAST FAIRBANKS,2007,196
PA,MONTGOMERY,2007,1
ND,GRAND FORKS,2007,121
PA,LEBANON,2007,24
ME,PENOBSCOT,2007,103
AK,JUNEAU BOROUGH,2007,94
MI,GRAND TRAVERSE,2007,100
NE,HALL,2007,52
IL,PEORIA,2007,37
IL,SANGAMON,2007,31
AK,ANCHORAGE BOROUGH,2007,141
IA,DUBUQUE,2007,92
CO,EL PASO,2007,57
PA,ERIE,2007,75
OH,SUMMIT,2007,74
MI,OAKLAND,2007,83
SD,CODINGTON,2007,86
MT,CASCADE,2007,52
AK,ALEUTIANS EAST BOROUGH,2007,78
MN,KOOCHICHING,2007,122
IN,MIAMI,2007,62
MI,ALPENA,2007,125
NE,SCOTTS BLUFF,2007,42
MI,CLINTON,2007,87
MI,ROSCOMMON,2007,113
AK,NORTHWEST ARCTIC BOROUGH,2007,223
MT,LEWIS AND CLARK,2007,25
ME,AROOSTOOK,2007,154
MA,HAMPDEN,2007,56
IA,CERRO GORDO,2007,97
IN,ALLEN,2007,67
WA,SPOKANE,2007,69
MT,YELLOWSTONE,2007,62
NY,QUEENS,2007,29
AK,BRISTOL BAY BOROUGH,2007,77
AK,PRINCE OF WALES-OUTER KETCHIKA,2007,22
WI,DANE,2007,93
WI,LA CROSSE,2007,88
OR,HARNEY,2007,30
CO,MESA,2007,36
AK,YAKUTAT BOROUGH,2007,148
MI,KALAMAZOO,2007,85
ME,CUMBERLAND,2007,108
NY,MONROE,2007,101
MA,BARNSTABLE,2007,14
MN,OLMSTED,2007,94
MI,KENT,2007,100
PA,ALLEGHENY,2007,49
OH,RICHLAND,2007,51
NY,ERIE,2007,91
MN,SHERBURNE,2007,95
CO,ARAPAHOE,2007,93
ND,BURLEIGH,2007,107
WI,MARATHON,2007,109
MT,FERGUS,2007,73
TX,LUBBOCK,2007,17
IL,COOK,2007,74
UT,DAVIS,2007,66
OH,CUYAHOGA,2007,78
MT,MISSOULA,2007,38
ND,WILLIAMS,2007,77
SD,BROWN,2007,112
NH,MERRIMACK,2007,107
VT,CHITTENDEN,2007,112
MN,HENNEPIN,2007,95
MT,FLATHEAD,2007,79
KY,JEFFERSON,2007,5
WI,JUNEAU,2007,63
OH,LUCAS,2007,40
OH,TRUMBULL,2007,89
AK,FAIRBANKS NORTH STAR BOROUGH,2007,193
WI,BROWN,2007,87
MI,CHIPPEWA,2007,129
KS,SHERMAN,2007,89
PA,DAUPHIN,2007,17
MO,GREENE,2007,14
ID,ELMORE,2007,10
WY,FREMONT,2007,83
OH,MONTGOMERY,2007,39
IL,ST. CLAIR,2007,13
MN,ST. LOUIS,2007,133
NM,BERNALILLO,2007,17
NM,UNION,2007,44
TX,TAYLOR,2007,5
CT,FAIRFIELD,2007,29
MT,HILL,2007,40
MI,GENESEE,2007,95
MT,VALLEY,2007,33
UT,SALT LAKE,2007,79
NJ,ESSEX,2007,31
MS,PASQUOTANK,2007,1
SD,MEADE,2007,13
NE,CHERRY,2007,61
DE,NEW CASTLE,2007,15
ID,POWER,2007,38
KY,FAYETTE,2007,7
MI,MACOMB,2007,44
SD,PENNINGTON,2007,36
CO,ALAMOSA,2007,88
IN,MARION,2007,47
NY,JEFFERSON,2007,94
NE,SARPY,2007,71
NE,LINCOLN,2007,80
WY,NATRONA,2007,62
ID,CARIBOU,2007,64
MT,GALLATIN,2007,24
KS,GEARY,2007,15
AK,MATANUSKA-SUSITNA BOROUGH,2017,172
AK,SKAGWAY-HOONAH-ANGOON,2017,30
NY,QUEENS,2017,43
MA,NORFOLK,2017,37
CA,NEVADA,2017,94
NH,COOS,2017,178
WI,JUNEAU,2017,61
AK,NORTHWEST ARCTIC BOROUGH,2017,139
AK,YUKON-KOYUKUK,2017,211
AK,NOME,2017,133
AK,WADE HAMPTON,2017,8
AK,BETHEL,2017,105
AK,FAIRBANKS NORTH STAR BOROUGH,2017,185
AK,ANCHORAGE BOROUGH,2017,165
AK,SOUTHEAST FAIRBANKS,2017,187
AK,VALDEZ-CORDOVA,2017,120
AK,ALEUTIANS WEST,2017,45
AK,BRISTOL BAY BOROUGH,2017,133
AK,JUNEAU BOROUGH,2017,67
AK,PRINCE OF WALES-OUTER KETCHIKA,2017,18
TX,POTTER,2017,5
VA,ACCOMACK,2017,5
DC,LOUDOUN,2017,10
VA,CAMPBELL,2017,6
VA,PITTSYLVANIA,2017,9
VA,ROANOKE,2017,6
WV,RANDOLPH,2017,20
OH,RICHLAND,2017,29
CO,ALAMOSA,2017,51
CO,EL PASO,2017,22
CO,ARAPAHOE,2017,12
CO,MESA,2017,9
NV,WASHOE,2017,25
NJ,ESSEX,2017,39
NJ,BERGEN,2017,18
NY,NEW YORK,2017,24
RI,KENT,2017,34
CT,HARTFORD,2017,62
NY,SULLIVAN,2017,12
NY,ALBANY,2017,66
NY,ONONDAGA,2017,81
PA,ALLEGHENY,2017,27
OH,SUMMIT,2017,45
OH,TRUMBULL,2017,62
PA,ERIE,2017,54
NY,MONROE,2017,63
IN,ST. JOSEPH,2017,29
MI,MACOMB,2017,24
IA,DUBUQUE,2017,17
IA,CERRO GORDO,2017,65
NE,ADAMS,2017,15
NE,LINCOLN,2017,15
WY,LARAMIE,2017,26
UT,SALT LAKE,2017,44
WY,FREMONT,2017,100
ID,POWER,2017,52
NH,MERRIMACK,2017,101
ME,CUMBERLAND,2017,66
ME,PENOBSCOT,2017,89
VT,CHITTENDEN,2017,87
MI,KENT,2017,49
MI,GENESEE,2017,49
MI,SAGINAW,2017,37
MI,ROSCOMMON,2017,91
MI,GRAND TRAVERSE,2017,84
MI,ALPENA,2017,86
WI,DANE,2017,67
WI,LA CROSSE,2017,57
WI,MONROE,2017,38
WI,BROWN,2017,78
WI,WINNEBAGO,2017,50
WI,MARATHON,2017,89
SD,ROBERTS,2017,32
SD,CODINGTON,2017,57
MN,SHERBURNE,2017,56
SD,HUGHES,2017,55
SD,BROWN,2017,44
SD,PENNINGTON,2017,52
SD,WALWORTH,2017,61
MT,YELLOWSTONE,2017,82
MT,FERGUS,2017,80
ME,AROOSTOOK,2017,133
MI,CHIPPEWA,2017,131
MN,ST. LOUIS,2017,138
MN,KOOCHICHING,2017,147
ND,GRAND FORKS,2017,129
ND,BURLEIGH,2017,94
ND,WARD,2017,60
MT,VALLEY,2017,72
MT,LEWIS AND CLARK,2017,103
MT,MISSOULA,2017,83
MT,CASCADE,2017,77
MT,FLATHEAD,2017,89
WA,YAKIMA,2017,54
WA,CHELAN,2017,13
ID,NEZ PERCE,2017,28
WA,SPOKANE,2017,86
WA,PIERCE,2017,5
NY,JEFFERSON,2017,69
AK,MATANUSKA-SUSITNA BOROUGH,2015,199
NH,COOS,2015,162
NE,CHERRY,2015,56
AK,FAIRBANKS NORTH STAR BOROUGH,2015,184
MI,GRAND TRAVERSE,2015,81
IN,MIAMI,2015,46
NY,MONROE,2015,82
WA,YAKIMA,2015,16
WI,JUNEAU,2015,58
AK,NORTHWEST ARCTIC BOROUGH,2015,214
CO,EL PASO,2015,55
MT,GLACIER,2015,72
MT,BEAVERHEAD,2015,40
AK,ALEUTIANS WEST,2015,101
AK,YUKON-KOYUKUK,2015,221
AK,BRISTOL BAY BOROUGH,2015,62
NE,ADAMS,2015,30
IL,SANGAMON,2015,38
NY,QUEENS,2015,57
PA,LEHIGH,2015,52
VA,LOUDOUN,2015,39
NY,ONONDAGA,2015,91
IA,POLK,2015,54
WI,MILWAUKEE,2015,67
WY,FREMONT,2015,94
MI,BERRIEN,2015,56
TN,SHELBY,2015,9
AK,SOUTHEAST FAIRBANKS,2015,174
AK,VALDEZ-CORDOVA,2015,50
IL,COOK,2015,76
NE,DOUGLAS,2015,27
AK,YAKUTAT BOROUGH,2015,61
MI,MUSKEGON,2015,82
MN,HENNEPIN,2015,82
NY,SULLIVAN,2015,27
IL,WINNEBAGO,2015,73
NH,MERRIMACK,2015,99
ND,BURLEIGH,2015,57
KY,HARDIN,2015,14
WA,SPOKANE,2015,48
WV,RANDOLPH,2015,40
OH,GREENE,2015,28
NV,WASHOE,2015,13
IN,MARION,2015,40
AK,NOME,2015,178
NE,SARPY,2015,19
WI,WOOD,2015,69
ME,PENOBSCOT,2015,107
MN,KOOCHICHING,2015,120
MI,ALPENA,2015,72
MI,ROSCOMMON,2015,82
SD,DAVISON,2015,50
OH,MONTGOMERY,2015,42
IA,SCOTT,2015,61
WY,LARAMIE,2015,40
NE,SCOTTS BLUFF,2015,49
NJ,ATLANTIC,2015,14
AK,JUNEAU BOROUGH,2015,58
MI,KENT,2015,81
MN,ST. LOUIS,2015,106
SD,BEADLE,2015,48
ND,GRAND FORKS,2015,89
NM,BERNALILLO,2015,12
IA,CERRO GORDO,2015,74
PA,ALLEGHENY,2015,47
MI,CLINTON,2015,74
OH,FRANKLIN,2015,46
AR,PULASKI,2015,8
MT,CASCADE,2015,73
MI,WAYNE,2015,76
KS,FORD,2015,36
OH,SUMMIT,2015,66
IA,DUBUQUE,2015,71
NE,MADISON,2015,36
WI,CHIPPEWA,2015,78
NJ,BERGEN,2015,48
VA,NORFOLK (CITY),2015,16
AK,KODIAK ISLAND BOROUGH,2015,19
IA,BLACK HAWK,2015,56
KY,BOONE,2015,24
UT,SALT LAKE,2015,28
CT,HARTFORD,2015,78
ME,AROOSTOOK,2015,131
IN,ALLEN,2015,66
ME,CUMBERLAND,2015,96
IA,WOODBURY,2015,40
NC,MECKLENBURG,2015,4
MI,SAGINAW,2015,79
MT,VALLEY,2015,54
NV,WHITE PINE,2015,49
PA,PHILADELPHIA,2015,16
WI,WINNEBAGO,2015,55
MN,SHERBURNE,2015,72
SD,WALWORTH,2015,50
MT,FERGUS,2015,71
KY,JEFFERSON,2015,21
WA,WALLA WALLA,2015,11
WI,DANE,2015,77
IN,ST. JOSEPH,2015,74
NY,ERIE,2015,83
VA,ROANOKE,2015,18
WI,MARATHON,2015,74
RI,KENT,2015,59
MT,MISSOULA,2015,55
PA,DAUPHIN,2015,42
OH,TRUMBULL,2015,73
MI,MACOMB,2015,69
NY,NEW YORK,2015,54
VT,CHITTENDEN,2015,80
WI,MONROE,2015,32
VA,HENRICO,2015,13
NY,ALBANY,2015,69
WY,NATRONA,2015,64
NH,HILLSBOROUGH,2015,76
IL,ST. CLAIR,2015,4
MI,CHIPPEWA,2015,119
IL,PEORIA,2015,54
DE,KENT,2015,18
SD,ROBERTS,2015,82
SD,BROWN,2015,51
AK,VALDEZ-CORDOVA,2006,224
AK,MATANUSKA-SUSITNA BOROUGH,2006,204
AK,FAIRBANKS NORTH STAR BOROUGH,2006,188
AK,YUKON-KOYUKUK,2006,209
ND,WARD,2006,29
AK,ANCHORAGE BOROUGH,2006,175
ID,CARIBOU,2006,114
NY,SULLIVAN,2006,17
NH,COOS,2006,196
AK,SKAGWAY-HOONAH-ANGOON,2006,95
CA,NEVADA,2006,74
CO,EL PASO,2006,43
OK,KIOWA,2006,2
NE,SARPY,2006,9
MT,MISSOULA,2006,28
NM,BERNALILLO,2006,6
AK,YAKUTAT BOROUGH,2006,148
AK,NOME,2006,177
PA,ALLEGHENY,2006,18
MN,KOOCHICHING,2006,125
SD,PENNINGTON,2006,33
NY,ALBANY,2006,32
IL,SANGAMON,2006,18
TN,SULLIVAN,2006,10
OH,MONTGOMERY,2006,18
IL,COOK,2006,34
MI,KALAMAZOO,2006,38
MT,FLATHEAD,2006,70
PA,ERIE,2006,41
AK,SOUTHEAST FAIRBANKS,2006,195
KS,SHERMAN,2006,25
OR,KLAMATH,2006,44
MT,CASCADE,2006,39
IA,BLACK HAWK,2006,15
AK,BRISTOL BAY BOROUGH,2006,136
NY,ONONDAGA,2006,74
MI,MUSKEGON,2006,41
AK,ALEUTIANS EAST BOROUGH,2006,82
ND,WILLIAMS,2006,62
OH,RICHLAND,2006,17
WI,MILWAUKEE,2006,50
AK,NORTHWEST ARCTIC BOROUGH,2006,208
NH,MERRIMACK,2006,58
MI,ALPENA,2006,107
UT,SALT LAKE,2006,53
NE,DOUGLAS,2006,13
OK,OKLAHOMA,2006,9
NY,ERIE,2006,57
ME,PENOBSCOT,2006,36
OH,SUMMIT,2006,19
MI,OAKLAND,2006,38
WI,DANE,2006,56
OH,TRUMBULL,2006,40
MI,ROSCOMMON,2006,100
MT,HILL,2006,42
WA,KITTITAS,2006,27
AK,BETHEL,2006,178
MI,KENT,2006,46
IL,PEORIA,2006,16
WI,BROWN,2006,52
MI,MACOMB,2006,14
IN,ALLEN,2006,19
VT,CHITTENDEN,2006,68
AK,KODIAK ISLAND BOROUGH,2006,60
AK,ALEUTIANS WEST,2006,140
WA,SPOKANE,2006,45
AK,JUNEAU BOROUGH,2006,83
MI,GRAND TRAVERSE,2006,54
WI,MARATHON,2006,92
WA,YAKIMA,2006,24
IL,WINNEBAGO,2006,31
CO,ARAPAHOE,2006,50
ME,AROOSTOOK,2006,109
CO,ALAMOSA,2006,27
OH,CUYAHOGA,2006,38
MN,ST. LOUIS,2006,112
WI,LA CROSSE,2006,31
ME,CUMBERLAND,2006,47
MN,OLMSTED,2006,37
SD,CODINGTON,2006,61
NE,LINCOLN,2006,26
MI,CHIPPEWA,2006,112
RI,KENT,2006,18
NE,HALL,2006,15
NV,ELKO,2006,118
ID,POWER,2006,22
ND,GRAND FORKS,2006,121
MT,GLACIER,2006,27
MT,GALLATIN,2005,43
MT,GRANITE,2005,62
AK,MATANUSKA-SUSITNA BOROUGH,2005,190
ID,CARIBOU,2005,36
AK,SKAGWAY-HOONAH-ANGOON,2005,10
AK,FAIRBANKS NORTH STAR BOROUGH,2005,64
PA,LEBANON,2005,10
WI,JUNEAU,2005,80
VA,FAIRFAX,2005,15
CO,EL PASO,2005,49
AK,VALDEZ-CORDOVA,2005,186
MA,HAMPDEN,2005,93
IN,MIAMI,2005,23
ND,WARD,2005,52
ME,CUMBERLAND,2005,77
NY,SULLIVAN,2005,32
AK,YUKON-KOYUKUK,2005,214
NE,SARPY,2005,37
CO,ARAPAHOE,2005,46
OH,CUYAHOGA,2005,103
KY,BOONE,2005,21
AK,ALEUTIANS EAST BOROUGH,2005,23
IL,COOK,2005,67
AK,NORTHWEST ARCTIC BOROUGH,2005,211
MN,HENNEPIN,2005,98
IN,ALLEN,2005,82
ND,WILLIAMS,2005,60
AK,ANCHORAGE BOROUGH,2005,124
NY,ALBANY,2005,38
AK,SOUTHEAST FAIRBANKS,2005,197
OH,SUMMIT,2005,74
VA,HENRICO,2005,17
AK,BRISTOL BAY BOROUGH,2005,90
MI,KENT,2005,101
AK,YAKUTAT BOROUGH,2005,77
WI,DANE,2005,103
MT,YELLOWSTONE,2005,57
MD,ANNE ARUNDEL,2005,26
RI,KENT,2005,67
MI,WAYNE,2005,80
AK,BETHEL,2005,172
NY,ONONDAGA,2005,117
SD,MINNEHAHA,2005,68
NY,CHEMUNG,2005,72
MI,GRAND TRAVERSE,2005,101
AK,KODIAK ISLAND BOROUGH,2005,34
IL,WINNEBAGO,2005,75
OH,TRUMBULL,2005,92
PA,ALLEGHENY,2005,71
MN,ST. LOUIS,2005,130
AK,NOME,2005,191
IA,POLK,2005,10
OR,KLAMATH,2005,52
VT,CHITTENDEN,2005,116
MI,MUSKEGON,2005,101
WI,MILWAUKEE,2005,96
NY,MONROE,2005,108
MI,MACOMB,2005,87
UT,DAVIS,2005,40
NJ,BURLINGTON,2005,29
WA,SPOKANE,2005,47
ND,GRAND FORKS,2005,115
NY,JEFFERSON,2005,48
DE,KENT,2005,21
MN,DAKOTA,2005,48
VA,ARLINGTON,2005,28
IL,PEORIA,2005,23
WA,KITTITAS,2005,34
VA,ROANOKE,2005,20
MI,GENESEE,2005,101
MI,KALAMAZOO,2005,98
ID,CASSIA,2006,5
MT,GALLATIN,2006,43
AK,NORTH SLOPE BOROUGH,2006,11
AK,WADE HAMPTON,2006,3
UT,TOOELE,2006,12
MA,HAMPDEN,2006,35
MA,NORFOLK,2006,31
CO,PUEBLO,2006,17
NE,MADISON,2006,18
KY,BOONE,2006,13
SD,MINNEHAHA,2006,40
NY,MONROE,2006,55
WV,KANAWHA,2006,11
MT,YELLOWSTONE,2006,34
MT,FERGUS,2006,53
UT,DAVIS,2006,56
WY,LARAMIE,2006,39
MT,BEAVERHEAD,2006,14
MI,GENESEE,2006,46
MT,VALLEY,2006,36
MO,ST. LOUIS,2006,19
ND,BURLEIGH,2006,43
PA,DAUPHIN,2006,5
IA,POLK,2006,14
MN,HENNEPIN,2006,59
SD,BROWN,2006,34
NM,UNION,2006,13
DC,LOUDOUN,2006,5
NE,SCOTTS BLUFF,2006,32
MO,GREENE,2006,12
CO,MESA,2006,15
NJ,ESSEX,2006,14
PA,LYCOMING,2006,6
KS,FORD,2006,4
MI,CLINTON,2006,56
IN,MARION,2017,18
AK,YAKUTAT BOROUGH,2017,95
NC,GUILFORD,2017,11
MD,HARFORD,2017,3
KY,BOONE,2017,21
NV,WHITE PINE,2017,62
PA,LEHIGH,2017,21
NY,ERIE,2017,60
IL,PEORIA,2017,10
OH,LUCAS,2017,16
MI,CLINTON,2017,26
NE,DOUGLAS,2017,20
NE,SCOTTS BLUFF,2017,33
WY,NATRONA,2017,54
UT,DAVIS,2017,56
NV,ELKO,2017,45
MI,MUSKEGON,2017,55
WI,TAYLOR,2017,42
WI,CHIPPEWA,2017,83
MN,OLMSTED,2017,61
WI,WOOD,2017,63
MN,HENNEPIN,2017,68
MT,GALLATIN,2017,96
ID,ADA,2017,37
OR,UMATILLA,2017,43
MT,BEAVERHEAD,2017,73
MT,HILL,2017,79
NH,HILLSBOROUGH,2017,78
MA,HAMPDEN,2017,55
AK,MATANUSKA-SUSITNA BOROUGH,2014,164
MA,NORFOLK,2014,66
MI,MACOMB,2014,80
AK,FAIRBANKS NORTH STAR BOROUGH,2014,200
PA,LEHIGH,2014,57
MI,CHIPPEWA,2014,167
WA,SPOKANE,2014,39
ND,GRAND FORKS,2014,121
WI,MONROE,2014,47
WI,TAYLOR,2014,65
IL,ST. CLAIR,2014,12
AK,YUKON-KOYUKUK,2014,209
MT,FLATHEAD,2014,77
MT,MISSOULA,2014,63
OH,CUYAHOGA,2014,91
MI,CLINTON,2014,90
WI,WINNEBAGO,2014,102
WI,MARATHON,2014,145
WY,NATRONA,2014,71
AK,ANCHORAGE BOROUGH,2014,160
AK,BETHEL,2014,92
IL,PEORIA,2014,66
AK,ALEUTIANS WEST,2014,91
MN,OLMSTED,2014,129
MN,SHERBURNE,2014,148
MN,HENNEPIN,2014,133
AK,BRISTOL BAY BOROUGH,2014,47
MN,KOOCHICHING,2014,159
NE,CHERRY,2014,39
WY,FREMONT,2014,74
MI,ALPENA,2014,113
KY,FAYETTE,2014,29
VA,ARLINGTON,2014,29
SD,MINNEHAHA,2014,98
SD,WALWORTH,2014,74
IA,CERRO GORDO,2014,105
MT,GLACIER,2014,91
AK,ALEUTIANS EAST BOROUGH,2014,27
CO,MESA,2014,42
IL,COOK,2014,78
OH,GREENE,2014,44
SD,HUGHES,2014,94
AK,VALDEZ-CORDOVA,2014,115
IA,FLOYD,2014,39
ME,PENOBSCOT,2014,130
NY,ONONDAGA,2014,100
MT,LEWIS AND CLARK,2014,62
MI,KENT,2014,102
NY,ERIE,2014,87
OK,TULSA,2014,14
CT,HARTFORD,2014,67
AK,NORTHWEST ARCTIC BOROUGH,2014,183
IN,ALLEN,2014,82
WI,WOOD,2014,129
AK,SITKA BOROUGH,2014,7
NH,HILLSBOROUGH,2014,77
IA,DUBUQUE,2014,86
NY,QUEENS,2014,42
WV,RANDOLPH,2014,52
NC,MECKLENBURG,2014,8
SD,ROBERTS,2014,101
ME,CUMBERLAND,2014,109
OH,MONTGOMERY,2014,58
MI,ROSCOMMON,2014,124
WI,DANE,2014,102
ND,CASS,2014,96
PA,LYCOMING,2014,43
MI,GENESEE,2014,92
SD,BEADLE,2014,78
ID,POWER,2014,23
ND,BURLEIGH,2014,93
IL,WINNEBAGO,2014,82
AK,SOUTHEAST FAIRBANKS,2014,192
SD,PENNINGTON,2014,45
MT,VALLEY,2014,65
VA,ACCOMACK,2014,12
PA,ERIE,2014,68
WY,LARAMIE,2014,58
VA,LOUDOUN,2014,39
SD,BROWN,2014,88
NY,NEW YORK,2014,53
NE,MADISON,2014,36
OH,LUCAS,2014,73
OH,RICHLAND,2014,59
MI,GRAND TRAVERSE,2014,119
MI,SAGINAW,2014,91
WI,LA CROSSE,2014,105
SD,DAVISON,2014,68
NV,WHITE PINE,2014,37
NY,MONROE,2014,89
MT,CASCADE,2014,82
OH,SUMMIT,2014,74
OH,TRUMBULL,2014,85
OH,FRANKLIN,2014,53
MT,HILL,2014,57
AK,NOME,2014,177
IA,WOODBURY,2014,51
OK,OKLAHOMA,2014,15
NE,LANCASTER,2014,29
VT,CHITTENDEN,2014,123
RI,KENT,2014,40
GA,FULTON,2014,7
WV,KANAWHA,2014,45
NH,MERRIMACK,2014,133
NM,UNION,2014,6
IA,SCOTT,2014,59
DC,LOUDOUN,2014,39
NY,SULLIVAN,2014,19
AK,MATANUSKA-SUSITNA BOROUGH,2008,206
MA,NORFOLK,2008,54
AK,VALDEZ-CORDOVA,2008,253
UT,SAN JUAN,2008,56
WA,BENTON,2008,40
AK,YUKON-KOYUKUK,2008,226
AK,SKAGWAY-HOONAH-ANGOON,2008,106
AK,FAIRBANKS NORTH STAR BOROUGH,2008,213
MA,HAMPDEN,2008,59
NH,COOS,2008,210
MI,CHIPPEWA,2008,151
MN,SHERBURNE,2008,122
AK,ANCHORAGE BOROUGH,2008,200
AK,ALEUTIANS WEST,2008,173
AK,BETHEL,2008,196
AK,SOUTHEAST FAIRBANKS,2008,206
NY,JEFFERSON,2008,92
IN,MIAMI,2008,29
ME,CUMBERLAND,2008,103
UT,DAVIS,2008,60
MI,MACOMB,2008,62
AK,NOME,2008,200
ME,AROOSTOOK,2008,148
MI,ALPENA,2008,141
MT,FLATHEAD,2008,82
MN,KOOCHICHING,2008,152
MI,GRAND TRAVERSE,2008,123
TX,POTTER,2008,5
AK,KODIAK ISLAND BOROUGH,2008,110
MN,ST. LOUIS,2008,140
KY,CHRISTIAN,2008,3
OR,UMATILLA,2008,144
ND,WILLIAMS,2008,79
WA,KING,2008,15
IN,ALLEN,2008,69
MT,HILL,2008,45
WI,MARATHON,2008,136
WV,RANDOLPH,2008,39
SD,BEADLE,2008,103
NE,HALL,2008,62
OH,TRUMBULL,2008,96
SD,MINNEHAHA,2008,126
AK,JUNEAU BOROUGH,2008,91
NY,ONONDAGA,2008,87
MN,OLMSTED,2008,112
SD,BROWN,2008,101
AK,BRISTOL BAY BOROUGH,2008,131
AK,NORTHWEST ARCTIC BOROUGH,2008,203
IA,BLACK HAWK,2008,105
ID,POWER,2008,56
NE,SCOTTS BLUFF,2008,43
MI,GENESEE,2008,107
OH,MONTGOMERY,2008,33
OH,RICHLAND,2008,52
ND,BURLEIGH,2008,86
MI,CLINTON,2008,104
NE,CHERRY,2008,44
AK,ALEUTIANS EAST BOROUGH,2008,76
IN,MARION,2008,29
OR,HARNEY,2008,81
NY,ERIE,2008,110
AK,YAKUTAT BOROUGH,2008,168
IA,DUBUQUE,2008,100
WI,DANE,2008,122
IA,CERRO GORDO,2008,109
MN,HENNEPIN,2008,123
AK,PRINCE OF WALES-OUTER KETCHIKA,2008,28
OH,CUYAHOGA,2008,85
MT,LEWIS AND CLARK,2008,54
PA,ERIE,2008,89
UT,SALT LAKE,2008,79
ND,GRAND FORKS,2008,118
IL,COOK,2008,82
WA,YAKIMA,2008,35
NE,LINCOLN,2008,22
MI,MUSKEGON,2008,110
MI,ROSCOMMON,2008,140
IN,ST. JOSEPH,2008,88
OR,MULTNOMAH,2008,10
MI,OAKLAND,2008,102
WA,SPOKANE,2008,94
MT,FERGUS,2008,81
NV,ELKO,2008,84
MT,VALLEY,2008,70
WY,FREMONT,2008,98
PA,ALLEGHENY,2008,40
CO,ALAMOSA,2008,89
MT,BEAVERHEAD,2008,39
IA,WOODBURY,2008,84
MT,GLACIER,2008,67
WI,MILWAUKEE,2008,111
MI,KALAMAZOO,2008,94
TN,SULLIVAN,2008,11
CO,MESA,2008,58
NE,LANCASTER,2008,39
NY,MONROE,2008,95
IA,POLK,2008,90
MI,KENT,2008,102
IL,WINNEBAGO,2008,100
NE,MADISON,2008,72
IL,PEORIA,2008,45
KS,SHAWNEE,2008,33
CO,EL PASO,2008,32
OK,GARFIELD,2022,5
MA,NORFOLK,2015,69
AK,SKAGWAY-HOONAH-ANGOON,2015,15
OH,LUCAS,2015,62
VA,PITTSYLVANIA,2015,5
PA,ERIE,2015,77
SD,CODINGTON,2015,63
TX,LUBBOCK,2015,17
TX,POTTER,2015,16
SD,MINNEHAHA,2015,59
MT,LEWIS AND CLARK,2015,60
NM,UNION,2015,24
OR,UMATILLA,2015,54
MT,FLATHEAD,2015,61
OH,CUYAHOGA,2015,67
ID,POWER,2015,31
AK,ANCHORAGE BOROUGH,2015,127
AK,BETHEL,2015,128
VA,ACCOMACK,2015,12
SD,HUGHES,2015,49
KS,SHAWNEE,2015,11
WI,LA CROSSE,2015,79
MI,OAKLAND,2015,69
TX,TAYLOR,2015,5
TX,DALLAM,2015,20
WI,BROWN,2015,69
MO,ST. LOUIS,2015,17
CT,FAIRFIELD,2015,60
NV,ELKO,2015,40
NJ,ESSEX,2015,55
CO,PUEBLO,2015,23
ND,CASS,2015,70
WI,TAYLOR,2015,38
OH,RICHLAND,2015,57
KS,SHERMAN,2015,27
AK,MATANUSKA-SUSITNA BOROUGH,2019,193
NH,COOS,2019,192
CA,NEVADA,2019,102
ND,GRAND FORKS,2019,146
WY,FREMONT,2019,134
ND,WARD,2019,11
AK,YUKON-KOYUKUK,2019,233
AK,FAIRBANKS NORTH STAR BOROUGH,2019,180
AK,ANCHORAGE BOROUGH,2019,126
AK,SOUTHEAST FAIRBANKS,2019,180
AK,VALDEZ-CORDOVA,2019,65
AK,BRISTOL BAY BOROUGH,2019,101
AK,JUNEAU BOROUGH,2019,59
TN,BLOUNT,2019,5
PA,DAUPHIN,2019,36
DC,LOUDOUN,2019,24
DE,NEW CASTLE,2019,14
OH,RICHLAND,2019,41
IL,ST. CLAIR,2019,16
MO,GREENE,2019,3
KS,SHAWNEE,2019,33
KS,CLOUD,2019,46
CO,ALAMOSA,2019,75
CO,EL PASO,2019,63
CO,ARAPAHOE,2019,49
NV,WHITE PINE,2019,93
CT,HARTFORD,2019,65
NY,ALBANY,2019,79
PA,ALLEGHENY,2019,33
OH,SUMMIT,2019,48
OH,CUYAHOGA,2019,49
OH,TRUMBULL,2019,57
PA,ERIE,2019,56
NY,ERIE,2019,84
IL,COOK,2019,53
IL,PEORIA,2019,40
IN,ALLEN,2019,42
IN,MIAMI,2019,31
OH,LUCAS,2019,33
MI,WAYNE,2019,43
IL,WINNEBAGO,2019,66
IA,POLK,2019,78
IA,CERRO GORDO,2019,84
NE,DOUGLAS,2019,74
NE,LANCASTER,2019,54
NE,ADAMS,2019,44
NE,SARPY,2019,59
IA,WOODBURY,2019,56
NE,LINCOLN,2019,47
WY,LARAMIE,2019,60
NE,SCOTTS BLUFF,2019,37
WY,NATRONA,2019,91
UT,SALT LAKE,2019,58
UT,DAVIS,2019,65
NV,ELKO,2019,64
ME,PENOBSCOT,2019,108
VT,CHITTENDEN,2019,122
MI,KENT,2019,77
MI,MUSKEGON,2019,96
MI,GENESEE,2019,70
MI,SAGINAW,2019,57
MI,ROSCOMMON,2019,110
MI,GRAND TRAVERSE,2019,118
MI,ALPENA,2019,126
WI,MILWAUKEE,2019,79
WI,LA CROSSE,2019,88
WI,CHIPPEWA,2019,113
WI,JUNEAU,2019,72
MN,OLMSTED,2019,109
WI,BROWN,2019,107
WI,WINNEBAGO,2019,57
WI,MARATHON,2019,100
SD,MINNEHAHA,2019,94
SD,ROBERTS,2019,131
SD,BEADLE,2019,126
SD,DAVISON,2019,123
SD,CODINGTON,2019,136
MN,SHERBURNE,2019,126
MN,CROW WING,2019,132
SD,HUGHES,2019,128
MN,HENNEPIN,2019,99
SD,BROWN,2019,134
SD,WALWORTH,2019,130
MT,YELLOWSTONE,2019,90
MT,FERGUS,2019,108
MT,GALLATIN,2019,112
ME,AROOSTOOK,2019,163
MI,CHIPPEWA,2019,166
MN,ST. LOUIS,2019,153
MN,KOOCHICHING,2019,155
ND,BURLEIGH,2019,129
MT,VALLEY,2019,104
MT,GLACIER,2019,110
MT,BEAVERHEAD,2019,81
MT,LEWIS AND CLARK,2019,116
MT,MISSOULA,2019,98
MT,CASCADE,2019,117
MT,HILL,2019,96
MT,FLATHEAD,2019,77
WA,SPOKANE,2019,83
WA,KING,2019,12
NY,JEFFERSON,2019,91
NH,HILLSBOROUGH,2019,71
IA,SCOTT,2019,46
NY,QUEENS,2019,19
OH,GREENE,2019,33
AK,NOME,2018,129
AK,VALDEZ-CORDOVA,2018,87
AK,JUNEAU BOROUGH,2018,81
SC,CHARLESTON,2018,7
GA,FULTON,2018,4
PA,DAUPHIN,2018,38
DC,LOUDOUN,2018,10
PA,PHILADELPHIA,2018,14
VA,CAMPBELL,2018,9
VA,ROANOKE,2018,18
WV,RANDOLPH,2018,47
KY,BOONE,2018,28
IN,VANDERBURGH,2018,11
IN,MARION,2018,29
IL,SANGAMON,2018,31
CO,PUEBLO,2018,9
NV,WHITE PINE,2018,40
PA,LYCOMING,2018,31
NY,ALBANY,2018,91
IN,ALLEN,2018,25
IN,MIAMI,2018,24
IL,COOK,2018,49
IN,ST. JOSEPH,2018,48
MI,WAYNE,2018,54
IA,BLACK HAWK,2018,61
NE,ADAMS,2018,53
IA,WOODBURY,2018,80
NE,SCOTTS BLUFF,2018,13
NV,ELKO,2018,41
NV,HUMBOLDT,2018,38
MI,BERRIEN,2018,44
MI,GRAND TRAVERSE,2018,96
WI,JUNEAU,2018,68
MN,HENNEPIN,2018,133
MT,YELLOWSTONE,2018,83
ID,ADA,2018,28
MT,BEAVERHEAD,2018,53
MT,LEWIS AND CLARK,2018,86
AK,NOME,2020,14
CO,MESA,2020,12
NV,CHURCHILL,2020,1
NY,QUEENS,2020,12
NV,LANDER,2006,6
NY,JEFFERSON,2006,69
TX,WICHITA,2006,1
MN,SHERBURNE,2006,79
IA,CERRO GORDO,2006,31
NY,CHEMUNG,2006,13
IA,WOODBURY,2006,19
CA,SANTA BARBARA,2006,2
TX,LUBBOCK,2006,5
ID,ADA,2006,5
NY,QUEENS,2006,15
MD,PRINCE GEORGE'S,2013,3
MI,MACOMB,2013,94
OR,UMATILLA,2013,94
MT,BEAVERHEAD,2013,31
IA,WOODBURY,2013,52
IA,BLACK HAWK,2013,80
CO,MESA,2013,61
NJ,ATLANTIC,2013,6
UT,SALT LAKE,2013,90
PA,DAUPHIN,2013,29
AK,BRISTOL BAY BOROUGH,2013,105
OH,SUMMIT,2013,81
PA,ERIE,2013,64
IA,DUBUQUE,2013,89
NY,ALBANY,2013,68
MT,FLATHEAD,2013,57
IN,VANDERBURGH,2013,13
PA,LEHIGH,2013,23
SD,PENNINGTON,2013,60
ND,BURLEIGH,2013,108
RI,KENT,2013,39
DE,NEW CASTLE,2013,10
NE,CHERRY,2013,73
NM,CHAVES,2013,5
SD,CODINGTON,2013,137
KY,FAYETTE,2013,9
ID,ADA,2013,49
MI,GENESEE,2013,82
KY,BOONE,2013,33
MI,OAKLAND,2013,70
OH,FRANKLIN,2013,54
MI,KENT,2013,94
NJ,BERGEN,2013,12
NY,NEW YORK,2013,16
NE,LANCASTER,2013,37
NY,SULLIVAN,2013,20
IL,COOK,2010,93
MI,GRAND TRAVERSE,2010,100
OH,GREENE,2010,60
AK,FAIRBANKS NORTH STAR BOROUGH,2010,187
ND,GRAND FORKS,2010,121
NH,COOS,2010,220
NE,SARPY,2010,62
AK,VALDEZ-CORDOVA,2010,218
AK,YUKON-KOYUKUK,2010,203
AK,MATANUSKA-SUSITNA BOROUGH,2010,198
AK,SKAGWAY-HOONAH-ANGOON,2010,51
CA,NEVADA,2010,95
MT,GRANITE,2010,101
ME,AROOSTOOK,2010,107
SD,PENNINGTON,2010,48
IL,PEORIA,2010,76
IN,ST. JOSEPH,2010,94
NY,ERIE,2010,102
IA,POLK,2010,94
MT,VALLEY,2010,117
MI,CHIPPEWA,2010,116
WY,NATRONA,2010,58
NV,ELKO,2010,91
PA,ERIE,2010,100
WI,BROWN,2010,94
MI,OAKLAND,2010,87
NV,WHITE PINE,2010,127
AK,ALEUTIANS EAST BOROUGH,2010,117
MI,KENT,2010,99
NJ,BERGEN,2010,14
NE,MADISON,2010,78
IL,SANGAMON,2010,53
AK,SOUTHEAST FAIRBANKS,2010,211
ND,WILLIAMS,2010,121
NE,SCOTTS BLUFF,2010,19
NE,LANCASTER,2010,67
AK,ALEUTIANS WEST,2010,126
IN,VANDERBURGH,2010,20
MN,KOOCHICHING,2010,120
WA,YAKIMA,2010,44
OH,CLARK,2010,20
OK,OKLAHOMA,2010,13
IA,WOODBURY,2010,86
AK,YAKUTAT BOROUGH,2010,118
KY,BOONE,2010,62
AK,NOME,2010,201
WI,MARATHON,2010,97
AK,ANCHORAGE BOROUGH,2010,170
NE,LINCOLN,2010,27
VA,HENRICO,2010,27
MI,GENESEE,2010,96
NY,QUEENS,2010,34
WI,LA CROSSE,2010,98
MT,MISSOULA,2010,41
WI,DANE,2010,101
VA,LOUDOUN,2010,36
AK,BETHEL,2010,155
OH,MONTGOMERY,2010,68
CO,ALAMOSA,2010,46
IN,ALLEN,2010,60
WI,MILWAUKEE,2010,82
CO,MESA,2010,50
MT,FERGUS,2010,76
ND,BURLEIGH,2010,127
OH,LUCAS,2010,55
AK,JUNEAU BOROUGH,2010,55
OR,KLAMATH,2010,35
NM,UNION,2010,32
MI,ALPENA,2010,103
SD,CODINGTON,2010,111
NY,ONONDAGA,2010,99
VT,CHITTENDEN,2010,99
PA,ALLEGHENY,2010,84
MT,CASCADE,2010,84
KS,CLOUD,2010,36
WY,LARAMIE,2010,39
VA,CAMPBELL,2010,41
MN,ST. LOUIS,2010,130
ME,CUMBERLAND,2010,44
IN,MARION,2010,65
AK,KODIAK ISLAND BOROUGH,2010,54
IL,WINNEBAGO,2010,86
IA,CERRO GORDO,2010,94
AK,BRISTOL BAY BOROUGH,2010,106
OH,CUYAHOGA,2010,97
MD,ANNE ARUNDEL,2010,33
MT,GLACIER,2010,62
TX,POTTER,2010,30
MT,LEWIS AND CLARK,2010,94
PA,LYCOMING,2010,41
NE,DOUGLAS,2010,87
MO,GREENE,2010,18
MT,FLATHEAD,2010,86
MI,WAYNE,2010,56
UT,SALT LAKE,2010,53
AK,NORTHWEST ARCTIC BOROUGH,2010,206
CT,FAIRFIELD,2010,38
PA,LEHIGH,2010,42
SD,BEADLE,2010,94
OH,SUMMIT,2010,87
MI,CLINTON,2010,99
KS,SHAWNEE,2010,30
TX,WICHITA,2010,2
NV,HUMBOLDT,2010,29
NY,MONROE,2010,90
SD,BROWN,2010,105
NJ,ATLANTIC,2010,35
KY,FAYETTE,2010,39
OH,TRUMBULL,2010,101
TN,SULLIVAN,2010,31
WA,SPOKANE,2010,41
WV,KANAWHA,2010,67
WY,FREMONT,2010,102
NY,ALBANY,2010,51
VA,NORFOLK (CITY),2010,18
AK,DENALI BOROUGH,2010,97
OR,UMATILLA,2010,134
SD,MINNEHAHA,2010,100
WI,JUNEAU,2010,82
DE,NEW CASTLE,2010,26
IA,BLACK HAWK,2010,92
ME,PENOBSCOT,2010,69
MN,HENNEPIN,2010,116
MD,PRINCE GEORGE'S,2010,5
MA,NORFOLK,2010,55
OH,RICHLAND,2010,83
MI,ROSCOMMON,2010,101
CO,ARAPAHOE,2010,41
MI,MACOMB,2010,51
NH,HILLSBOROUGH,2010,36
MI,MUSKEGON,2010,98
VA,ROANOKE,2010,40
MN,SHERBURNE,2010,111
OH,FRANKLIN,2010,70
PA,MONTGOMERY,2010,33
NC,GUILFORD,2010,23
PA,DAUPHIN,2010,35
MT,YELLOWSTONE,2010,93
MO,ST. LOUIS,2010,34
MN,OLMSTED,2010,101
NY,NEW YORK,2010,23
NV,WASHOE,2010,25
AL,MONTGOMERY,2010,2
MT,BEAVERHEAD,2010,50
PA,PHILADELPHIA,2010,28
VA,ACCOMACK,2010,28
TX,LUBBOCK,2010,9
MT,HILL,2010,123
NE,HALL,2010,65
VA,ARLINGTON,2010,30
WV,RANDOLPH,2010,88
MD,CALVERT,2010,31
ND,CASS,2010,9
AK,YUKON-KOYUKUK,2009,210
AK,DENALI BOROUGH,2009,84
AK,VALDEZ-CORDOVA,2009,219
AK,SKAGWAY-HOONAH-ANGOON,2009,121
MT,GRANITE,2009,55
AK,MATANUSKA-SUSITNA BOROUGH,2009,174
ID,CARIBOU,2009,89
NH,COOS,2009,195
SD,BEADLE,2009,84
CA,NEVADA,2009,89
NY,SULLIVAN,2009,38
MT,FLATHEAD,2009,106
MN,KOOCHICHING,2009,137
NE,LANCASTER,2009,44
WI,LA CROSSE,2009,83
NE,CHERRY,2009,41
OK,TULSA,2009,15
PA,LYCOMING,2009,43
AK,FAIRBANKS NORTH STAR BOROUGH,2009,189
NV,WHITE PINE,2009,78
AK,ALEUTIANS EAST BOROUGH,2009,57
NY,ALBANY,2009,55
WA,KING,2009,8
WI,BROWN,2009,100
MT,HILL,2009,92
MI,MUSKEGON,2009,77
ID,POWER,2009,53
AK,BRISTOL BAY BOROUGH,2009,139
NH,HILLSBOROUGH,2009,93
MN,HENNEPIN,2009,90
PA,ALLEGHENY,2009,51
IL,WINNEBAGO,2009,74
IN,ST. JOSEPH,2009,64
KS,CLOUD,2009,25
NV,ELKO,2009,69
NY,ERIE,2009,76
MI,CHIPPEWA,2009,133
AK,NOME,2009,211
WI,DANE,2009,86
NJ,BERGEN,2009,14
AK,PRINCE OF WALES-OUTER KETCHIKA,2009,33
AK,KODIAK ISLAND BOROUGH,2009,109
MT,CASCADE,2009,79
AK,ALEUTIANS WEST,2009,134
AK,ANCHORAGE BOROUGH,2009,157
AK,JUNEAU BOROUGH,2009,110
OH,TRUMBULL,2009,68
WV,KANAWHA,2009,38
AK,YAKUTAT BOROUGH,2009,171
WY,FREMONT,2009,74
AK,NORTHWEST ARCTIC BOROUGH,2009,203
MI,GENESEE,2009,76
NV,WASHOE,2009,26
OH,FRANKLIN,2009,37
IA,DUBUQUE,2009,62
MI,GRAND TRAVERSE,2009,109
OR,UMATILLA,2009,151
SD,CODINGTON,2009,110
WY,LARAMIE,2009,59
AK,BETHEL,2009,160
MI,MACOMB,2009,48
NM,CHAVES,2009,3
IA,POLK,2009,65
MD,CALVERT,2009,6
WI,JUNEAU,2009,67
OR,HARNEY,2009,10
IA,CERRO GORDO,2009,77
MA,BARNSTABLE,2009,30
CO,MESA,2009,53
CO,ARAPAHOE,2009,68
IL,COOK,2009,67
OH,CUYAHOGA,2009,59
MT,GLACIER,2009,63
KS,SHAWNEE,2009,14
ND,WILLIAMS,2009,97
ME,AROOSTOOK,2009,124
KY,BOONE,2009,30
ME,PENOBSCOT,2009,106
SD,MEADE,2009,42
ND,GRAND FORKS,2009,128
UT,DAVIS,2009,49
MA,NORFOLK,2009,70
SD,BROWN,2009,98
NJ,ATLANTIC,2009,20
NE,SCOTTS BLUFF,2009,55
TX,TOM GREEN,2009,1
VA,CAMPBELL,2009,16
MN,SHERBURNE,2009,106
PA,LEBANON,2009,7
MT,VALLEY,2009,87
TN,BLOUNT,2009,9
CO,EL PASO,2009,21
PA,ERIE,2009,64
IL,PEORIA,2009,44
TX,POTTER,2009,12
MD,ANNE ARUNDEL,2009,22
ID,ADA,2009,26
KS,FORD,2009,12
NY,QUEENS,2009,39
WI,MARATHON,2009,91
VT,CHITTENDEN,2009,82
NE,MADISON,2009,68
SD,PENNINGTON,2009,64
ME,CUMBERLAND,2009,94
MI,KENT,2009,77
NM,UNION,2009,5
MN,ST. LOUIS,2009,121
MT,MISSOULA,2009,54
ND,BURLEIGH,2009,130
MT,YELLOWSTONE,2009,78
NV,HUMBOLDT,2009,34
MN,OLMSTED,2009,86
AK,SOUTHEAST FAIRBANKS,2009,187
OH,LUCAS,2009,47
MI,CLINTON,2009,73
NY,NEW YORK,2009,27
NE,SARPY,2009,45
TX,LUBBOCK,2022,4
TX,EL PASO,2022,2
OK,KIOWA,2022,4
VA,ACCOMACK,2022,10
PA,LYCOMING,2022,60
AK,MATANUSKA-SUSITNA BOROUGH,2011,202
AK,VALDEZ-CORDOVA,2011,210
NE,CHERRY,2011,68
IN,MIAMI,2011,27
NH,COOS,2011,201
CO,MESA,2011,28
NY,SULLIVAN,2011,28
CA,NEVADA,2011,76
AK,ALEUTIANS WEST,2011,107
AK,NORTHWEST ARCTIC BOROUGH,2011,219
MT,FLATHEAD,2011,74
MN,ST. LOUIS,2011,132
MT,CASCADE,2011,63
NY,NEW YORK,2011,53
OH,LUCAS,2011,56
IN,ALLEN,2011,63
MI,ROSCOMMON,2011,107
AK,YUKON-KOYUKUK,2011,216
OR,UMATILLA,2011,155
NY,MONROE,2011,80
SD,MINNEHAHA,2011,71
MI,KENT,2011,76
KY,FAYETTE,2011,19
SD,BROWN,2011,92
IN,ST. JOSEPH,2011,61
MI,WAYNE,2011,65
MT,HILL,2011,81
AK,ALEUTIANS EAST BOROUGH,2011,51
SD,BEADLE,2011,87
SD,CODINGTON,2011,91
MT,FERGUS,2011,81
MN,SHERBURNE,2011,96
WA,YAKIMA,2011,20
MT,MISSOULA,2011,81
WI,MILWAUKEE,2011,67
TN,SULLIVAN,2011,17
AK,BETHEL,2011,181
KS,SHAWNEE,2011,37
OH,RICHLAND,2011,51
KY,JEFFERSON,2011,12
NE,DOUGLAS,2011,52
MI,ALPENA,2011,108
AK,BRISTOL BAY BOROUGH,2011,124
MN,HENNEPIN,2011,105
AK,FAIRBANKS NORTH STAR BOROUGH,2011,193
IA,POLK,2011,60
ND,GRAND FORKS,2011,100
IN,VANDERBURGH,2011,6
SD,PENNINGTON,2011,65
AK,KODIAK ISLAND BOROUGH,2011,76
ND,BURLEIGH,2011,112
NY,QUEENS,2011,47
AK,ANCHORAGE BOROUGH,2011,166
MI,GENESEE,2011,86
NH,MERRIMACK,2011,111
ND,WILLIAMS,2011,104
IL,SANGAMON,2011,38
NE,LANCASTER,2011,45
MT,VALLEY,2011,128
UT,SALT LAKE,2011,41
AK,JUNEAU BOROUGH,2011,91
NJ,BERGEN,2011,41
NH,HILLSBOROUGH,2011,67
IL,COOK,2011,51
OH,SUMMIT,2011,60
SD,HUGHES,2011,58
IA,DUBUQUE,2011,56
NJ,ATLANTIC,2011,21
AK,SOUTHEAST FAIRBANKS,2011,205
OH,TRUMBULL,2011,73
NV,HUMBOLDT,2011,26
MI,CLINTON,2011,79
MT,YELLOWSTONE,2011,69
WV,KANAWHA,2011,26
WA,SPOKANE,2011,43
OH,MONTGOMERY,2011,43
MO,ST. LOUIS,2011,42
SD,MEADE,2011,30
NY,ONONDAGA,2011,80
AK,YAKUTAT BOROUGH,2011,155
MA,NORFOLK,2011,73
PA,MONTGOMERY,2011,28
AK,NOME,2011,205
TX,LUBBOCK,2011,11
NM,UNION,2011,33
ME,CUMBERLAND,2011,89
TX,POTTER,2011,16
KS,CLOUD,2011,27
MT,LEWIS AND CLARK,2011,57
ID,POWER,2011,66
MN,OLMSTED,2011,89
IA,BLACK HAWK,2011,53
PA,PHILADELPHIA,2011,26
PA,ERIE,2011,68
MI,MACOMB,2011,87
NJ,ESSEX,2011,55
WY,LARAMIE,2011,49
WI,BROWN,2011,96
WI,DANE,2011,82
IA,WOODBURY,2011,61
ME,PENOBSCOT,2011,98
WY,FREMONT,2011,106
PA,ALLEGHENY,2011,46
NE,LINCOLN,2011,44
NE,HALL,2011,60
NE,SARPY,2011,52
AK,NORTH SLOPE BOROUGH,2011,5
WI,JUNEAU,2011,75
AK,SKAGWAY-HOONAH-ANGOON,2011,44
NE,LANCASTER,2007,73
OR,KLAMATH,2007,36
IN,ST. JOSEPH,2007,86
TX,POTTER,2007,27
NY,ONONDAGA,2007,111
NY,ALBANY,2007,69
SD,MINNEHAHA,2007,97
OH,FRANKLIN,2007,41
KS,CLOUD,2007,48
WA,KING,2007,9
OK,TULSA,2007,16
NJ,ATLANTIC,2007,8
AK,KODIAK ISLAND BOROUGH,2007,89
NE,MADISON,2007,66
SD,BEADLE,2007,100
OH,CLARK,2007,18
MA,NORFOLK,2007,54
NV,ELKO,2007,71
NV,HUMBOLDT,2007,13
MD,ANNE ARUNDEL,2007,23
MI,WAYNE,2007,47
IN,MIAMI,2009,13
MI,KALAMAZOO,2009,48
VA,ARLINGTON,2009,16
TX,TARRANT,2009,3
IA,BLACK HAWK,2009,72
MI,OAKLAND,2009,68
NE,DOUGLAS,2009,55
MT,FERGUS,2009,93
MI,ALPENA,2009,114
IN,MARION,2009,34
MI,WAYNE,2009,53
NY,MONROE,2009,78
OH,SUMMIT,2009,56
WA,SPOKANE,2009,79
OH,RICHLAND,2009,50
NY,ONONDAGA,2009,80
OR,KLAMATH,2009,19
MI,ROSCOMMON,2009,115
OH,GREENE,2009,26
PA,LEHIGH,2009,36
NC,GUILFORD,2009,11
WV,RANDOLPH,2009,45
NE,HALL,2009,48
RI,KENT,2009,54
WI,MILWAUKEE,2009,80
MT,BEAVERHEAD,2009,41
WY,NATRONA,2009,62
OH,CLARK,2009,11
VA,NORFOLK (CITY),2018,12
VA,LOUDOUN,2018,10
MD,ANNE ARUNDEL,2018,14
OH,RICHLAND,2018,37
OH,MONTGOMERY,2018,37
MO,GREENE,2018,8
NJ,BERGEN,2018,12
WY,LARAMIE,2018,30
UT,DAVIS,2018,46
ND,WARD,2018,15
IA,SCOTT,2018,29
TX,DALLAM,2018,4
MA,NORFOLK,2019,32
MA,HAMPDEN,2019,59
OK,GARFIELD,2019,2
WV,KANAWHA,2019,16
KY,FAYETTE,2019,16
OH,MONTGOMERY,2019,47
MO,ST. LOUIS,2019,36
IN,MARION,2019,40
MO,JOHNSON,2019,25
KS,FORD,2019,25
KS,SHERMAN,2019,37
CO,MESA,2019,28
PA,LYCOMING,2019,32
NY,ONONDAGA,2019,104
NY,MONROE,2019,86
MI,CLINTON,2019,47
IL,ROCK ISLAND,2019,11
IA,DUBUQUE,2019,67
IA,BLACK HAWK,2019,76
NE,HALL,2019,45
NE,MADISON,2019,47
NE,CHERRY,2019,76
NH,MERRIMACK,2019,112
ME,CUMBERLAND,2019,90
WI,WOOD,2019,83
SD,PENNINGTON,2019,38
OR,UMATILLA,2019,32
ND,CASS,2019,133
WA,PIERCE,2019,9
WV,KANAWHA,2018,24
WI,DANE,2018,66
AK,WRANGELL-PETERSBURG,2018,11
IL,ROCK ISLAND,2018,2
KS,SHERMAN,2018,28
OR,UMATILLA,2018,20
MA,HAMPDEN,2018,44
AK,NORTH SLOPE BOROUGH,2018,11
OH,GREENE,2018,23
KS,FORD,2018,15
TN,SULLIVAN,2018,16
AK,NORTH SLOPE BOROUGH,2017,11
AK,ALEUTIANS EAST BOROUGH,2017,30
WA,ISLAND,2017,4
MS,LAUDERDALE,2017,2
OH,MONTGOMERY,2017,26
MO,ST. LOUIS,2017,12
OH,CUYAHOGA,2017,50
MI,WAYNE,2017,38
IA,FLOYD,2017,39
IA,BLACK HAWK,2017,15
ND,CASS,2017,48
WA,FRANKLIN,2017,43
WA,WALLA WALLA,2017,29
NH,COOS,2014,163
PA,DAUPHIN,2014,48
AK,NORTH SLOPE BOROUGH,2014,16
WI,BROWN,2014,113
DE,NEW CASTLE,2014,34
CO,EL PASO,2014,46
MN,ST. LOUIS,2014,165
MT,FERGUS,2014,77
KS,CLOUD,2014,28
ME,AROOSTOOK,2014,162
MD,ANNE ARUNDEL,2014,32
MI,MUSKEGON,2014,112
KS,FORD,2014,28
IA,BLACK HAWK,2014,84
MI,OAKLAND,2014,88
WI,CHIPPEWA,2014,131
OR,UMATILLA,2014,67
IA,POLK,2014,77
CT,FAIRFIELD,2014,51
AK,JUNEAU BOROUGH,2014,51
SD,CODINGTON,2014,121
NY,ALBANY,2014,92
IN,MIAMI,2014,49
KY,BOONE,2014,50
TX,DALLAM,2014,12
ID,ADA,2014,19
AK,KODIAK ISLAND BOROUGH,2014,26
NJ,ESSEX,2014,43
AK,YAKUTAT BOROUGH,2014,98
IN,MARION,2014,58
MO,ST. LOUIS,2014,35
KY,JEFFERSON,2014,37
NE,SCOTTS BLUFF,2014,49
NE,LINCOLN,2014,30
CO,ALAMOSA,2014,50
KS,SHERMAN,2014,33
WI,MILWAUKEE,2014,82
NE,SARPY,2014,23
NJ,BURLINGTON,2014,8
UT,DAVIS,2014,32
AK,VALDEZ-CORDOVA,2012,206
AK,MATANUSKA-SUSITNA BOROUGH,2012,210
NH,COOS,2012,184
AK,YUKON-KOYUKUK,2012,213
OR,HOOD RIVER,2012,13
AK,SKAGWAY-HOONAH-ANGOON,2012,83
WI,JUNEAU,2012,34
AK,NORTH SLOPE BOROUGH,2012,9
AK,FAIRBANKS NORTH STAR BOROUGH,2012,188
WI,BROWN,2012,54
MI,MACOMB,2012,47
WA,BENTON,2012,10
WI,MILWAUKEE,2012,46
CA,NEVADA,2012,58
OH,LUCAS,2012,17
NY,ONONDAGA,2012,48
NY,SULLIVAN,2012,13
AK,ALEUTIANS WEST,2012,179
SD,CODINGTON,2012,61
OH,CUYAHOGA,2012,42
AK,JUNEAU BOROUGH,2012,91
AK,BRISTOL BAY BOROUGH,2012,160
MI,CHIPPEWA,2012,116
MI,ALPENA,2012,98
VT,CHITTENDEN,2012,58
AK,YAKUTAT BOROUGH,2012,195
ND,CASS,2012,98
MI,GRAND TRAVERSE,2012,71
ND,BURLEIGH,2012,56
NY,MONROE,2012,52
NY,ERIE,2012,45
VA,ARLINGTON,2012,2
WI,LA CROSSE,2012,58
SD,DAVISON,2012,54
MI,OAKLAND,2012,36
AK,ALEUTIANS EAST BOROUGH,2012,140
AK,KODIAK ISLAND BOROUGH,2012,122
WI,DANE,2012,64
AK,BETHEL,2012,143
NE,LINCOLN,2012,28
MT,FLATHEAD,2012,50
MI,CLINTON,2012,41
UT,SALT LAKE,2012,46
MN,KOOCHICHING,2012,114
AK,ANCHORAGE BOROUGH,2012,174
OR,UMATILLA,2012,123
KS,SHAWNEE,2012,6
IA,BLACK HAWK,2012,38
WY,FREMONT,2012,80
IA,CERRO GORDO,2012,47
SD,HUGHES,2012,47
WA,YAKIMA,2012,35
WI,WOOD,2012,73
MN,SHERBURNE,2012,89
MI,MUSKEGON,2012,56
MN,OLMSTED,2012,44
AK,SOUTHEAST FAIRBANKS,2012,192
OH,RICHLAND,2012,30
IN,MARION,2012,23
MT,YELLOWSTONE,2012,46
OH,TRUMBULL,2012,51
MN,HENNEPIN,2012,65
OH,FRANKLIN,2012,24
WI,MARATHON,2012,95
AK,NORTHWEST ARCTIC BOROUGH,2012,166
MN,ST. LOUIS,2012,102
MI,ROSCOMMON,2012,105
SD,BEADLE,2012,59
MT,HILL,2012,50
ND,GRAND FORKS,2012,119
WY,NATRONA,2012,44
SD,BROWN,2012,46
NH,MERRIMACK,2012,67
AK,PRINCE OF WALES-OUTER KETCHIKA,2012,37
WI,CHIPPEWA,2012,69
WY,LARAMIE,2012,29
CO,PUEBLO,2012,10
NE,DOUGLAS,2012,31
MT,LEWIS AND CLARK,2012,60
IL,WINNEBAGO,2012,40
AK,NOME,2012,175
ME,AROOSTOOK,2012,108
NV,HUMBOLDT,2012,16
MT,FERGUS,2012,57
MT,GLACIER,2012,47
NJ,BURLINGTON,2017,21
AK,KODIAK ISLAND BOROUGH,2017,32
GA,FULTON,2017,3
OK,KIOWA,2017,1
VA,HENRICO,2017,11
NJ,ATLANTIC,2017,6
PA,PHILADELPHIA,2017,13
DE,NEW CASTLE,2017,12
CA,INYO,2017,2
CT,FAIRFIELD,2017,35
PA,LYCOMING,2017,21
IN,ALLEN,2017,21
IL,WINNEBAGO,2017,17
IA,POLK,2017,27
NE,LANCASTER,2017,8
IA,WOODBURY,2017,30
WI,MILWAUKEE,2017,30
SD,BEADLE,2017,50
SD,MEADE,2017,13
MT,GLACIER,2017,89
MS,FORREST,2017,2
AK,MATANUSKA-SUSITNA BOROUGH,2016,181
NH,COOS,2016,199
ND,GRAND FORKS,2016,90
UT,DAVIS,2016,77
AK,NORTH SLOPE BOROUGH,2016,11
WI,LA CROSSE,2016,84
MI,GENESEE,2016,75
WI,JUNEAU,2016,78
AK,NOME,2016,156
SD,MINNEHAHA,2016,77
WI,MILWAUKEE,2016,82
VA,FAIRFAX,2016,2
NE,ADAMS,2016,38
WI,MARATHON,2016,104
WI,CHIPPEWA,2016,92
IL,SANGAMON,2016,22
IL,COOK,2016,56
SD,ROBERTS,2016,79
SD,DAVISON,2016,72
SD,CODINGTON,2016,92
IA,CERRO GORDO,2016,90
MN,SHERBURNE,2016,82
AK,FAIRBANKS NORTH STAR BOROUGH,2016,170
OH,GREENE,2016,19
MI,ROSCOMMON,2016,117
MT,MISSOULA,2016,69
AK,ANCHORAGE BOROUGH,2016,100
WA,SPOKANE,2016,51
MI,ALPENA,2016,108
MI,GRAND TRAVERSE,2016,108
MI,BERRIEN,2016,54
AK,YUKON-KOYUKUK,2016,197
WV,RANDOLPH,2016,36
NE,MADISON,2016,57
NY,ONONDAGA,2016,98
WA,CHELAN,2016,37
AK,BRISTOL BAY BOROUGH,2016,60
NH,MERRIMACK,2016,87
MT,YELLOWSTONE,2016,55
PA,LYCOMING,2016,16
NE,DOUGLAS,2016,35
OH,SUMMIT,2016,46
WA,YAKIMA,2016,50
ID,NEZ PERCE,2016,21
WA,WALLA WALLA,2016,16
NE,HALL,2016,38
MI,CLINTON,2016,62
IA,POLK,2016,50
IA,DUBUQUE,2016,79
WY,NATRONA,2016,68
CA,NEVADA,2016,87
MT,BEAVERHEAD,2016,58
SD,PENNINGTON,2016,44
NV,ELKO,2016,75
NJ,ESSEX,2016,26
AK,NORTHWEST ARCTIC BOROUGH,2016,172
AK,SOUTHEAST FAIRBANKS,2016,152
MT,LEWIS AND CLARK,2016,67
CO,ALAMOSA,2016,50
MN,ST. LOUIS,2016,134
OH,CUYAHOGA,2016,50
CT,FAIRFIELD,2016,23
MT,GLACIER,2016,60
MT,GALLATIN,2016,69
CO,EL PASO,2016,50
OR,UMATILLA,2016,17
PA,ERIE,2016,58
OH,RICHLAND,2016,41
IN,ALLEN,2016,33
MN,HENNEPIN,2016,83
MT,CASCADE,2016,58
KS,FORD,2016,8
MI,KENT,2016,85
MI,CHIPPEWA,2016,127
NE,CHERRY,2016,60
CO,MESA,2016,50
IA,WOODBURY,2016,70
DE,NEW CASTLE,2016,18
NY,MONROE,2016,69
IN,ST. JOSEPH,2016,57
TX,POTTER,2016,4
IL,WINNEBAGO,2016,61
AK,BETHEL,2016,135
PA,PHILADELPHIA,2016,11
MT,FLATHEAD,2016,63
WI,WOOD,2016,68
KY,BOONE,2016,25
ME,CUMBERLAND,2016,67
MI,MUSKEGON,2016,87
RI,KENT,2016,25
NV,WHITE PINE,2016,85
NY,ALBANY,2016,37
MN,OLMSTED,2016,91
MT,HILL,2016,54
NY,SULLIVAN,2016,14
ME,AROOSTOOK,2016,142
SD,BEADLE,2016,63
MI,WAYNE,2016,44
PA,ALLEGHENY,2016,32
VT,CHITTENDEN,2016,81
MT,VALLEY,2016,69
CO,PUEBLO,2016,16
NY,QUEENS,2016,30
KY,HARDIN,2016,9
MT,GRANITE,2008,58
ID,CARIBOU,2008,117
CA,NEVADA,2008,80
AK,NORTH SLOPE BOROUGH,2008,5
OH,SUMMIT,2008,74
NE,SARPY,2008,27
WI,JUNEAU,2008,89
NH,MERRIMACK,2008,122
MI,WAYNE,2008,66
NY,ALBANY,2008,57
OH,FRANKLIN,2008,37
WI,BROWN,2008,119
WY,NATRONA,2008,55
WI,LA CROSSE,2008,114
NJ,ESSEX,2008,17
MT,YELLOWSTONE,2008,63
VA,FAIRFAX,2008,2
KS,CLOUD,2008,33
KY,FAYETTE,2008,7
MT,MISSOULA,2008,43
MT,CASCADE,2008,65
KY,HARDIN,2008,9
KS,SHERMAN,2008,23
MO,ST. LOUIS,2008,24
SD,PENNINGTON,2008,47
VT,CHITTENDEN,2008,109
PA,DAUPHIN,2008,14
SD,CODINGTON,2008,113
OR,KLAMATH,2008,95
NJ,BERGEN,2008,8
ME,PENOBSCOT,2008,99
WV,KANAWHA,2008,29
OK,OKLAHOMA,2008,3
KS,FORD,2008,10
MD,ANNE ARUNDEL,2008,8
OH,CLARK,2008,12
OR,JACKSON,2008,4
OH,GREENE,2008,18
ID,NEZ PERCE,2008,21
NY,SULLIVAN,2008,31
MD,ANNE ARUNDEL,2013,14
MA,NORFOLK,2013,74
MT,GLACIER,2013,64
NH,HILLSBOROUGH,2013,85
NE,ADAMS,2013,45
IA,POLK,2013,78
DE,KENT,2013,4
VA,ARLINGTON,2013,4
OH,LUCAS,2013,28
PA,LEBANON,2013,4
VA,LOUDOUN,2013,13
CO,ARAPAHOE,2013,26
VA,CAMPBELL,2013,6
TX,DALLAM,2013,20
PA,PHILADELPHIA,2013,13
WA,ISLAND,2013,2
IN,ST. JOSEPH,2013,44
AK,SITKA BOROUGH,2013,1
WA,BENTON,2005,16
PA,MONTGOMERY,2005,37
SD,MEADE,2005,27
NJ,BERGEN,2005,17
IN,ST. JOSEPH,2005,84
AK,ALEUTIANS WEST,2005,87
AK,KENAI PENINSULA BOROUGH,2005,16
NC,MECKLENBURG,2005,3
DC,LOUDOUN,2005,25
VA,LOUDOUN,2005,25
NJ,ESSEX,2005,49
NE,DOUGLAS,2005,45
OH,MONTGOMERY,2005,40
NY,ERIE,2005,121
MI,CLINTON,2005,97
MD,PRINCE GEORGE'S,2005,20
MI,OAKLAND,2005,113
AK,PRINCE OF WALES-OUTER KETCHIKA,2005,7
NY,NEW YORK,2005,29
WV,KANAWHA,2005,24
OH,GREENE,2005,30
AK,WRANGELL-PETERSBURG,2014,24
VA,FAIRFAX,2014,7
MI,BERRIEN,2014,6
NE,DOUGLAS,2014,34
TX,LUBBOCK,2014,8
NE,HALL,2014,28
IL,SANGAMON,2014,43
PA,ALLEGHENY,2014,47
MO,JOHNSON,2014,20
MT,YELLOWSTONE,2014,82
VA,NORFOLK (CITY),2014,13
NE,ADAMS,2014,28
UT,SALT LAKE,2014,36
WI,JUNEAU,2014,74
WA,ISLAND,2019,10
AR,WASHINGTON,2019,1
KY,BOONE,2019,31
KY,JEFFERSON,2019,14
IL,SANGAMON,2019,39
IN,ST. JOSEPH,2019,37
MI,MACOMB,2019,28
ID,POWER,2019,52
NV,HUMBOLDT,2019,29
WI,DANE,2019,88
SD,MEADE,2019,17
ID,NEZ PERCE,2019,31
NJ,BERGEN,2004,22
IL,PEORIA,2004,31
AK,MATANUSKA-SUSITNA BOROUGH,2004,28
MT,YELLOWSTONE,2004,32
VA,VIRGINIA BEACH (CITY),2004,5
DC,LOUDOUN,2004,12
MI,WAYNE,2004,62
WV,KANAWHA,2004,20
OH,FRANKLIN,2004,31
MI,CLINTON,2004,86
ME,CUMBERLAND,2004,27
CT,HARTFORD,2004,16
MN,HENNEPIN,2004,46
AK,YAKUTAT BOROUGH,2004,15
VA,LOUDOUN,2004,12
KY,JEFFERSON,2004,16
UT,DAVIS,2010,1
IN,MIAMI,2010,37
ND,WARD,2010,10
UT,WAYNE,2010,5
ID,CARIBOU,2010,69
OR,HARNEY,2010,49
NJ,ESSEX,2010,28
TN,DAVIDSON,2010,14
TX,TARRANT,2010,5
NC,WAKE,2010,13
VA,FAIRFAX,2010,18
IA,DUBUQUE,2010,96
KS,SHERMAN,2010,12
MO,JOHNSON,2010,20
RI,KENT,2010,19
WA,BENTON,2010,17
WA,ISLAND,2010,4
AK,PRINCE OF WALES-OUTER KETCHIKA,2010,6
AK,ALEUTIANS EAST BOROUGH,2019,22
AK,WRANGELL-PETERSBURG,2019,30
OK,OKLAHOMA,2019,4
NM,BERNALILLO,2019,8
VA,LOUDOUN,2019,24
MI,BERRIEN,2019,23
MD,PRINCE GEORGE'S,2014,6
NC,CUMBERLAND,2014,5
ND,WARD,2014,66
PA,PHILADELPHIA,2014,37
NM,BERNALILLO,2014,6
MO,GREENE,2014,17
CO,PUEBLO,2014,24
CO,ARAPAHOE,2014,4
MT,GALLATIN,2014,34
MI,WAYNE,2014,85
AR,WASHINGTON,2014,7
AL,JEFFERSON,2014,3
VA,PITTSYLVANIA,2014,13
OK,GARFIELD,2014,14
IN,ST. JOSEPH,2014,11
VA,CAMPBELL,2014,12
VA,ROANOKE,2014,19
UT,TOOELE,2008,12
PA,MONTGOMERY,2008,2
SD,MEADE,2008,17
WA,PIERCE,2008,12
NV,HUMBOLDT,2008,33
NV,WASHOE,2008,17
RI,KENT,2008,23
KY,BOONE,2008,29
NY,QUEENS,2008,17
OH,LUCAS,2008,47
TN,SHELBY,2008,3
PA,LEHIGH,2008,14
NE,DOUGLAS,2008,55
WY,LARAMIE,2008,24
VA,LOUDOUN,2009,18
MO,ST. LOUIS,2009,14
IA,WOODBURY,2009,61
NH,MERRIMACK,2009,26
MT,LEWIS AND CLARK,2009,60
KY,HARDIN,2009,3
VA,ROANOKE,2009,18
OK,OKLAHOMA,2009,14
PA,DAUPHIN,2009,29
CO,PUEBLO,2009,9
NJ,ESSEX,2009,39
KS,SHERMAN,2009,29
MD,WICOMICO,2009,4
CT,FAIRFIELD,2009,49
DC,LOUDOUN,2009,18
UT,SALT LAKE,2009,61
TX,EL PASO,2009,5
TX,TAYLOR,2009,4
PA,PHILADELPHIA,2009,16
NE,LINCOLN,2009,47
VA,FAIRFAX,2009,9
WY,NATRONA,2011,71
MA,HAMPDEN,2011,7
AK,WRANGELL-PETERSBURG,2011,34
WI,MARATHON,2011,118
RI,KENT,2011,48
OH,CUYAHOGA,2011,71
PA,LEHIGH,2011,47
DE,NEW CASTLE,2011,27
VA,ARLINGTON,2011,12
VA,NORFOLK (CITY),2011,3
KS,FORD,2011,26
OH,FRANKLIN,2011,39
VT,CHITTENDEN,2011,97
MT,GLACIER,2011,62
WA,ISLAND,2011,10
MN,KOOCHICHING,2011,145
AR,PULASKI,2011,10
KY,BOONE,2011,29
ME,AROOSTOOK,2011,129
NV,WHITE PINE,2011,77
IL,WINNEBAGO,2011,49
PA,LYCOMING,2011,54
PA,DAUPHIN,2011,49
NE,ADAMS,2011,12
NE,MADISON,2011,58
OH,GREENE,2011,27
MI,CHIPPEWA,2011,121
TN,BLOUNT,2011,9
OR,HARNEY,2011,27
MD,ANNE ARUNDEL,2011,13
VA,LOUDOUN,2011,17
NY,ALBANY,2011,76
GA,FULTON,2011,9
VA,PITTSYLVANIA,2011,3
NE,SCOTTS BLUFF,2011,39
NM,CURRY,2011,9
KS,SHERMAN,2011,41
WI,BROWN,2016,93
WI,WINNEBAGO,2016,68
NE,SARPY,2016,34
IA,FLOYD,2016,51
MI,MACOMB,2016,40
AK,VALDEZ-CORDOVA,2016,31
WY,FREMONT,2016,90
MD,CALVERT,2016,6
NY,JEFFERSON,2016,37
WI,MONROE,2016,39
WI,DANE,2016,93
IL,PEORIA,2016,19
OH,TRUMBULL,2016,75
MN,KOOCHICHING,2016,129
IA,SCOTT,2016,30
NY,ERIE,2016,62
AK,YAKUTAT BOROUGH,2016,38
PA,LEHIGH,2016,14
IA,BLACK HAWK,2016,78
OH,FRANKLIN,2016,28
VA,HENRICO,2016,14
WY,LARAMIE,2016,53
ND,CASS,2016,78
IN,MARION,2016,30
IL,ROCK ISLAND,2016,14
NJ,ATLANTIC,2016,9
OR,MULTNOMAH,2016,8
ID,ADA,2016,27
VA,ARLINGTON,2016,17
VA,ROANOKE,2016,14
DE,KENT,2016,16
NH,HILLSBOROUGH,2016,63
ND,BURLEIGH,2016,68
NE,SCOTTS BLUFF,2016,40
OH,LUCAS,2016,28
AR,SEBASTIAN,2017,3
NM,BERNALILLO,2017,4
PA,DAUPHIN,2017,19
WV,KANAWHA,2017,12
NE,MADISON,2017,22
NE,CHERRY,2017,33
SD,MINNEHAHA,2017,37
SD,DAVISON,2017,41
MA,NORFOLK,2016,33
WA,FRANKLIN,2016,13
SD,WALWORTH,2016,71
SD,HUGHES,2016,67
NJ,BURLINGTON,2016,14
AK,ALEUTIANS WEST,2016,62
ID,POWER,2016,54
CO,ARAPAHOE,2016,15
UT,SALT LAKE,2016,51
VA,CAMPBELL,2016,9
NM,BERNALILLO,2016,5
OH,MONTGOMERY,2016,30
MT,FERGUS,2016,78
VA,LOUDOUN,2016,17
SD,BROWN,2016,64
MI,SAGINAW,2016,59
VA,ACCOMACK,2016,6
NY,NEW YORK,2016,13
OR,DESCHUTES,2016,15
TX,CHILDRESS,2015,1
CA,NEVADA,2015,47
VA,CAMPBELL,2015,15
MT,GALLATIN,2015,65
AK,ALEUTIANS EAST BOROUGH,2015,38
MI,GENESEE,2015,78
NC,WAKE,2015,7
MT,HILL,2015,46
AR,SEBASTIAN,2015,8
MA,HAMPDEN,2015,37
DE,NEW CASTLE,2015,25
IA,FLOYD,2015,35
MT,YELLOWSTONE,2015,66
MA,NORFOLK,2012,17
MT,CASCADE,2012,46
WA,PIERCE,2012,5
WA,SPOKANE,2012,60
ID,POWER,2012,14
MT,VALLEY,2012,59
IL,COOK,2012,22
SD,MINNEHAHA,2012,49
OH,SUMMIT,2012,44
MI,KENT,2012,49
PA,LYCOMING,2012,17
IN,ALLEN,2012,32
ME,PENOBSCOT,2012,53
RI,KENT,2012,15
AR,PULASKI,2012,5
IA,DUBUQUE,2012,45
MT,MISSOULA,2012,70
IN,ST. JOSEPH,2012,22
WV,RANDOLPH,2012,24
CO,EL PASO,2012,12
IA,POLK,2012,44
MO,ST. LOUIS,2012,13
OH,GREENE,2012,20
NE,SCOTTS BLUFF,2012,17
MO,JOHNSON,2011,17
OR,KLAMATH,2011,27
MI,GRAND TRAVERSE,2011,55
IN,MARION,2011,44
WV,RANDOLPH,2011,45
IA,CERRO GORDO,2011,76
CO,ALAMOSA,2011,39
AK,PRINCE OF WALES-OUTER KETCHIKA,2011,18
WI,LA CROSSE,2011,88
IL,PEORIA,2011,41
MI,SAGINAW,2011,7
WA,WALLA WALLA,2011,9
KY,HARDIN,2011,11
NV,WASHOE,2011,17
OK,TULSA,2011,20
CO,PUEBLO,2011,35
CT,FAIRFIELD,2011,61
NY,ERIE,2011,78
DC,LOUDOUN,2011,17
NV,ELKO,2011,24
MS,LEE,2011,7
VA,FAIRFAX,2011,6
CO,EL PASO,2011,25
KS,GEARY,2011,9
TN,SHELBY,2011,14
IL,ST. CLAIR,2011,10
NM,CHAVES,2011,16
AK,NOME,2019,4
VA,ARLINGTON,2019,14
IN,VANDERBURGH,2019,4
RI,KENT,2019,31
CA,SHASTA,2019,1
MD,PRINCE GEORGE'S,2019,9
OR,JOSEPHINE,2004,20
OR,KLAMATH,2004,30
MD,CALVERT,2004,9
WA,KING,2004,1
CO,EL PASO,2004,24
MI,GENESEE,2004,87
TN,SHELBY,2004,4
VA,ROANOKE,2004,14
OH,MONTGOMERY,2004,22
NC,MECKLENBURG,2004,8
NC,CRAVEN,2004,2
MT,GRANITE,2012,22
NV,WHITE PINE,2012,46
KY,BOONE,2012,17
MI,WAYNE,2012,23
NE,HALL,2012,28
ME,CUMBERLAND,2012,51
OK,GARFIELD,2012,1
WA,FRANKLIN,2012,4
IA,SCOTT,2012,27
SD,ROBERTS,2012,44
NE,LANCASTER,2012,28
NE,SARPY,2012,27
WV,KANAWHA,2012,20
KS,SHERMAN,2012,12
MI,GENESEE,2012,36
CO,ALAMOSA,2012,24
IL,ST. CLAIR,2012,2
IA,WOODBURY,2012,31
CO,ARAPAHOE,2012,31
IL,PEORIA,2012,20
OK,COMANCHE,2012,2
UT,WAYNE,2008,7
NH,HILLSBOROUGH,2008,12
LA,EAST BATON ROUGE,2008,1
DC,LOUDOUN,2008,7
WA,ISLAND,2008,14
ID,ADA,2008,39
NY,NEW YORK,2008,9
IL,SANGAMON,2008,18
ND,WARD,2007,39
MO,JOHNSON,2007,32
AK,SKAGWAY-HOONAH-ANGOON,2007,106
AK,LAKE AND PENINSULA BOROUGH,2007,1
KS,SHAWNEE,2007,29
WA,YAKIMA,2007,16
NY,NEW YORK,2007,13
ID,NEZ PERCE,2007,14
MT,GLACIER,2007,32
MT,BEAVERHEAD,2007,38
DE,KENT,2007,9
KS,FORD,2007,20
NE,DOUGLAS,2007,78
WV,RANDOLPH,2007,53
WY,LARAMIE,2007,50
CA,NEVADA,2007,32
WA,PIERCE,2007,6
AR,INDEPENDENCE,2015,1
NE,HALL,2015,28
ND,WARD,2015,47
NJ,BURLINGTON,2015,22
WV,KANAWHA,2015,28
MN,OLMSTED,2015,84
TX,WICHITA,2015,9
TX,MCLENNAN,2015,1
DC,LOUDOUN,2015,39
PA,LYCOMING,2015,59
CO,ALAMOSA,2015,23
NC,GUILFORD,2015,9
KY,CHRISTIAN,2015,3
KY,FAYETTE,2015,28
CO,ARAPAHOE,2015,13
AK,WADE HAMPTON,2010,5
GA,FULTON,2010,5
TN,SHELBY,2010,6
DC,LOUDOUN,2010,36
NY,SULLIVAN,2010,23
ND,WARD,2016,48
IN,MIAMI,2016,26
WI,TAYLOR,2016,52
NE,LINCOLN,2016,27
CT,HARTFORD,2016,39
ME,PENOBSCOT,2016,74
PA,DAUPHIN,2016,26
IN,VANDERBURGH,2016,9
NM,CHAVES,2016,14
AK,JUNEAU BOROUGH,2016,34
TX,EL PASO,2018,2
TN,SHELBY,2018,11
NM,BERNALILLO,2018,3
VA,HENRICO,2018,21
NJ,BURLINGTON,2018,20
VA,PITTSYLVANIA,2018,11
SD,MEADE,2018,24
MI,MUSKEGON,2011,72
OK,GARFIELD,2011,10
WA,BENTON,2011,3
WA,PIERCE,2011,4
MO,GREENE,2011,19
TN,HAMILTON,2011,10
VA,ROANOKE,2011,2
MT,GRANITE,2011,53
AK,DENALI BOROUGH,2011,14
CO,ARAPAHOE,2011,48
NM,BERNALILLO,2013,6
NV,WASHOE,2013,27
KY,JEFFERSON,2013,15
VA,FAIRFAX,2007,12
KY,BOONE,2007,27
PA,LYCOMING,2007,45
CO,PUEBLO,2007,24
VA,ARLINGTON,2007,23
NJ,BERGEN,2007,8
OK,GARFIELD,2007,12
WV,KANAWHA,2007,28
OH,GREENE,2007,35
WA,BENTON,2007,11
UT,GRAND,2006,4
ID,ELMORE,2006,2
WA,BENTON,2006,11
MO,JOHNSON,2006,8
NV,WASHOE,2006,13
MT,LEWIS AND CLARK,2006,16
MI,WAYNE,2006,18
NV,HUMBOLDT,2006,13
WV,RANDOLPH,2006,29
SD,BEADLE,2006,22
IN,ST. JOSEPH,2006,29
VA,ARLINGTON,2006,4
NV,LANDER,2005,15
ID,ONEIDA,2005,3
VA,STAFFORD,2005,15
NY,QUEENS,2005,52
OH,FRANKLIN,2005,51
AK,JUNEAU BOROUGH,2005,56
OR,JOSEPHINE,2005,20
NV,ELKO,2005,19
UT,SALT LAKE,2005,26
VA,NORFOLK (CITY),2005,5
MA,BARNSTABLE,2005,15
VA,PITTSYLVANIA,2016,8
AK,ALEUTIANS EAST BOROUGH,2016,17
KS,SHERMAN,2016,23
MD,ANNE ARUNDEL,2016,18
NE,LANCASTER,2016,27
NV,HUMBOLDT,2016,33
MO,GREENE,2016,3
IL,SANGAMON,2009,24
SD,MINNEHAHA,2009,83
NY,JEFFERSON,2009,8
CO,ALAMOSA,2009,31
IN,ALLEN,2009,54
WA,CHELAN,2015,18
NE,LINCOLN,2015,24
MO,GREENE,2015,14
ID,ADA,2015,26
TX,TOM GREEN,2015,2
LA,CADDO,2015,3
AK,WRANGELL-PETERSBURG,2012,53
MI,SAGINAW,2012,43
VA,CAMPBELL,2012,2
NY,ALBANY,2012,25
WI,WINNEBAGO,2012,43
CA,INYO,2012,7
SD,PENNINGTON,2012,14
PA,LEHIGH,2012,9
NE,ADAMS,2012,28
PA,LEBANON,2014,6
VA,HENRICO,2014,16
NJ,BERGEN,2014,33
MT,BEAVERHEAD,2014,51
NJ,ATLANTIC,2014,23
KS,SHAWNEE,2014,25
NC,MECKLENBURG,2022,5
NY,NEW YORK,2022,11
ND,WARD,2021,5
ID,ADA,2021,17
NC,GUILFORD,2020,3
TX,WICHITA,2020,4
KS,CLOUD,2020,8
TX,DALLAS,2021,7
VA,HENRICO,2021,7
KY,HARDIN,2021,3
CO,MESA,2021,13
NJ,BURLINGTON,2020,6
MI,MACOMB,2020,26
OR,UMATILLA,2020,9
TX,LUBBOCK,2021,14
TN,SHELBY,2021,9
AR,PULASKI,2021,8
CA,INYO,2021,10
NY,NEW YORK,2021,24
MI,BERRIEN,2022,48
MO,JOHNSON,2022,8
TX,TOM GREEN,2022,1
NM,CHAVES,2021,4
VA,LOUDOUN,2021,12
MD,HARFORD,2021,7
PA,PHILADELPHIA,2021,14
WV,KANAWHA,2021,19
OR,LANE,2021,6
AK,WADE HAMPTON,2020,5
NJ,ESSEX,2020,12
PA,LEHIGH,2020,10
AR,PULASKI,2022,5
NM,BERNALILLO,2022,9
WV,KANAWHA,2022,26
NE,ADAMS,2022,14
AK,NORTH SLOPE BOROUGH,2020,15
WA,ISLAND,2020,4
NC,WAKE,2020,3
LA,CADDO,2021,10
WA,KING,2021,10
TN,SULLIVAN,2022,10
OK,TULSA,2022,13
RI,KENT,2022,30
ID,ELMORE,2022,6
AK,WRANGELL-PETERSBURG,2020,1
DC,LOUDOUN,2020,8
AL,LIMESTONE,2021,3
TN,SULLIVAN,2021,7
TX,TAYLOR,2022,3
NJ,BURLINGTON,2022,11
NE,HALL,2022,11
NE,SARPY,2022,14
ID,ELMORE,2021,3
GA,CLARKE,2022,2
NM,CURRY,2020,5
MI,BERRIEN,2020,17
KY,CHRISTIAN,2022,2
TN,BLOUNT,2022,10
NJ,BERGEN,2022,4
ID,NEZ PERCE,2020,13
VA,CAMPBELL,2022,10
VA,NORFOLK (CITY),2022,9
TN,SHELBY,2022,7
DE,KENT,2022,3
NM,BERNALILLO,2004,3
MO,ST. LOUIS,2004,19
AR,PULASKI,2004,5
NC,WAKE,2004,10
MA,SUFFOLK,2004,14
MO,JOHNSON,2013,11
KS,FORD,2013,34
AR,SEBASTIAN,2013,5
AR,PULASKI,2013,5
AR,WASHINGTON,2021,9
AK,NOME,2022,12
NJ,ESSEX,2022,14
VA,SUSSEX,2018,11
DE,KENT,2018,5
MO,JOHNSON,2018,11
RI,KENT,2018,27
WI,MONROE,2018,34
UT,TOOELE,2007,7
PA,LEHIGH,2007,8
VA,NORFOLK (CITY),2017,5
TN,BLOUNT,2017,2
AR,WASHINGTON,2017,1
VA,LOUDOUN,2017,10
NE,SARPY,2017,15
SD,PENNINGTON,2015,34
CT,FAIRFIELD,2006,13
NE,CHERRY,2006,35
OK,TULSA,2006,18
OR,HARNEY,2006,23
VA,LOUDOUN,2006,5
KY,FAYETTE,2006,9
MD,ANNE ARUNDEL,2006,6
UT,SAN JUAN,2005,14
WA,PIERCE,2005,3
UT,SAN JUAN,2006,23
VA,ROANOKE,2006,5
NY,NEW YORK,2006,9
NE,LANCASTER,2006,7
MD,ANNE ARUNDEL,2017,14
MO,GREENE,2017,4
KS,CLOUD,2017,7
KS,SHERMAN,2017,14
PA,LEBANON,2017,10
IN,MIAMI,2017,13
IL,COOK,2017,19
ID,ELMORE,2017,7
WA,KING,2017,12
OH,GREENE,2017,14
CA,NEVADA,2014,13
WA,FRANKLIN,2014,3
NV,HUMBOLDT,2014,15
AK,DENALI BOROUGH,2008,28
MA,BARNSTABLE,2008,19
PA,LYCOMING,2008,38
KY,JEFFERSON,2008,15
AR,PULASKI,2008,4
TN,DAVIDSON,2008,4
NC,WAKE,2008,2
CO,MESA,2022,19
AK,NORTH SLOPE BOROUGH,2015,9
OK,GARFIELD,2015,6
NM,CURRY,2015,9
OK,KIOWA,2015,3
NM,CHAVES,2015,11
TN,SULLIVAN,2015,14
CO,MESA,2015,23
TN,DAVIDSON,2015,4
KS,CLOUD,2015,11
AK,NORTH SLOPE BOROUGH,2019,13
DE,KENT,2019,3
KY,HARDIN,2019,5
OH,FRANKLIN,2019,38
PA,LEBANON,2019,20
IA,WAPELLO,2019,6
NC,WAKE,2018,13
NC,WAYNE,2018,1
NM,UNION,2018,3
TX,POTTER,2018,4
TX,CHILDRESS,2018,2
OK,TULSA,2020,10
MT,GRANITE,2006,25
AK,PRINCE OF WALES-OUTER KETCHIKA,2006,20
AK,NORTH SLOPE BOROUGH,2013,13
VA,HENRICO,2013,9
OK,TULSA,2013,9
NC,WAKE,2013,2
OK,COMANCHE,2013,2
DE,KENT,2010,25
ID,ELMORE,2010,9
TN,HAMILTON,2010,10
IL,ST. CLAIR,2010,7
ID,ADA,2010,22
CO,PUEBLO,2010,11
AK,WRANGELL-PETERSBURG,2010,14
AR,PULASKI,2010,10
NE,CHERRY,2010,33
KY,HARDIN,2010,18
CO,EL PASO,2010,15
VA,VIRGINIA BEACH (CITY),2010,13
ID,NEZ PERCE,2010,15
SD,MEADE,2010,23
NC,CUMBERLAND,2010,3
WA,ISLAND,2009,3
VA,SUSSEX,2022,4
ND,WARD,2011,13
OK,COMANCHE,2011,3
VA,LOUDOUN,2007,25
PA,PHILADELPHIA,2007,17
NM,CHAVES,2007,11
OK,OKLAHOMA,2007,23
VA,ACCOMACK,2007,2
TN,DAVIDSON,2007,2
DC,LOUDOUN,2007,25
ID,ELMORE,2009,18
WA,BENTON,2009,13
OH,MONTGOMERY,2009,42
WA,YAKIMA,2009,14
TX,WICHITA,2009,4
NM,CHAVES,2018,2
NC,DARE,2018,3
NC,MECKLENBURG,2018,8
VA,ACCOMACK,2018,8
KY,FAYETTE,2018,21
MO,ST. LOUIS,2018,10
NV,WASHOE,2018,17
AK,WADE HAMPTON,2019,1
TN,SULLIVAN,2019,7
MD,ANNE ARUNDEL,2019,16
NJ,ATLANTIC,2019,8
WV,RANDOLPH,2019,31
OR,JACKSON,2019,1
WA,CHELAN,2019,12
TX,LUBBOCK,2018,5
AL,JEFFERSON,2017,2
NC,MECKLENBURG,2017,4
IL,SANGAMON,2017,10
KS,SHAWNEE,2017,6
NE,HALL,2017,13
OR,LANE,2017,7
IA,SCOTT,2017,6
KY,HARDIN,2014,13
TN,SULLIVAN,2014,14
AK,PRINCE OF WALES-OUTER KETCHIKA,2014,17
SC,LEXINGTON,2014,6
AR,PULASKI,2014,6
OK,COMANCHE,2014,1
TN,BLOUNT,2014,9
VA,ROANOKE,2012,2
MT,BEAVERHEAD,2012,28
PA,ERIE,2012,26
ID,NEZ PERCE,2012,7
NE,MADISON,2012,21
AK,SITKA BOROUGH,2017,4
KS,FORD,2017,7
OR,JACKSON,2017,5
MA,HAMPDEN,2016,36
TX,WICHITA,2016,1
AK,KODIAK ISLAND BOROUGH,2016,14
ID,ELMORE,2008,15
NC,GUILFORD,2008,9
CO,ARAPAHOE,2008,55
NJ,BURLINGTON,2008,4
NJ,ATLANTIC,2008,5
PA,PHILADELPHIA,2008,2
OR,JACKSON,2013,7
IN,MIAMI,2013,4
NM,CURRY,2013,5
TX,TOM GREEN,2013,4
VA,ROANOKE,2013,13
OR,LANE,2013,2
ID,ELMORE,2005,5
PA,PHILADELPHIA,2005,6
MO,ST. LOUIS,2005,26
VA,ACCOMACK,2005,2
WA,THURSTON,2014,1
WA,WALLA WALLA,2014,11
NC,GUILFORD,2014,11
NV,WASHOE,2014,4
VA,ACCOMACK,2019,4
VA,CAMPBELL,2019,5
PA,LEHIGH,2019,20
OR,LANE,2019,10
MD,ANNE ARUNDEL,2004,14
ID,POWER,2010,29
WA,WALLA WALLA,2010,8
KS,FORD,2010,19
KY,JEFFERSON,2010,34
NM,UNION,2019,8
CT,FAIRFIELD,2019,16
KY,WARREN,2019,2
NV,ELKO,2014,6
TX,MCLENNAN,2008,1
CO,PUEBLO,2008,10
NV,WHITE PINE,2008,10
OR,MULTNOMAH,2009,3
PA,MONTGOMERY,2009,14
NM,CURRY,2009,2
NC,CUMBERLAND,2009,4
MO,JOHNSON,2009,5
NC,WAKE,2009,4
DE,NEW CASTLE,2009,15
NM,BERNALILLO,2011,10
MI,OAKLAND,2011,16
SC,LEXINGTON,2011,4
OK,OKLAHOMA,2011,11
ID,NEZ PERCE,2011,3
NC,GUILFORD,2011,5
WI,CHIPPEWA,2011,13
NJ,BURLINGTON,2011,7
DE,KENT,2011,8
AK,WADE HAMPTON,2016,2
OK,TULSA,2016,4
NV,WASHOE,2016,21
KS,SHAWNEE,2016,8
OH,FRANKLIN,2017,17
NV,HUMBOLDT,2017,22
WV,KANAWHA,2016,28
NC,GUILFORD,2016,8
AK,PRINCE OF WALES-OUTER KETCHIKA,2016,9
KY,JEFFERSON,2016,16
CA,INYO,2016,1
NJ,BERGEN,2016,11
NV,HUMBOLDT,2015,9
NC,CUMBERLAND,2015,3
OR,KLAMATH,2012,36
SD,WALWORTH,2012,44
WA,ISLAND,2012,6
NC,GUILFORD,2012,3
WA,KING,2012,11
NE,CHERRY,2012,25
KY,JEFFERSON,2012,12
NJ,BURLINGTON,2012,3
TN,DAVIDSON,2011,12
VA,HENRICO,2011,3
TX,MCLENNAN,2011,1
VA,ACCOMACK,2011,2
AK,BETHEL,2019,15
MD,CALVERT,2019,3
NV,WASHOE,2019,28
TN,SULLIVAN,2004,8
PA,DAUPHIN,2012,16
OK,TULSA,2012,3
NV,WASHOE,2012,15
TN,SULLIVAN,2012,3
WA,WALLA WALLA,2012,7
IL,SANGAMON,2012,10
PA,ALLEGHENY,2012,23
ID,CASSIA,2008,5
CT,FAIRFIELD,2008,20
NM,CHAVES,2008,1
OR,LANE,2008,5
TX,EL PASO,2007,4
ID,CASSIA,2007,2
AK,NORTH SLOPE BOROUGH,2007,8
MD,HARFORD,2015,14
PA,LEBANON,2015,7
TX,EL PASO,2015,2
OK,TULSA,2015,12
NJ,BURLINGTON,2010,5
NM,CURRY,2010,6
AL,COVINGTON,2010,1
AR,PULASKI,2016,2
KS,CLOUD,2016,15
LA,CADDO,2018,2
NY,NEW YORK,2018,16
MD,PRINCE GEORGE'S,2018,2
OR,HOOD RIVER,2011,4
NC,MECKLENBURG,2011,4
MS,LOWNDES,2011,2
MT,BEAVERHEAD,2011,25
OR,MULTNOMAH,2013,1
IL,SANGAMON,2013,23
MO,ST. LOUIS,2007,23
TN,SHELBY,2007,2
RI,KENT,2007,21
OH,CLARK,2006,3
WI,JUNEAU,2006,22
SD,MEADE,2006,15
IN,MARION,2006,8
KY,CHRISTIAN,2006,5
MD,PRINCE GEORGE'S,2006,5
WA,ISLAND,2005,1
MD,CALVERT,2005,7
MD,PRINCE GEORGE'S,2016,4
DC,LOUDOUN,2016,17
TN,SULLIVAN,2009,15
DE,KENT,2009,11
MA,HAMPDEN,2009,2
NE,LANCASTER,2015,19
OR,DESCHUTES,2015,5
OK,OKLAHOMA,2015,11
TN,BLOUNT,2015,7
VA,ARLINGTON,2015,21
OR,MULTNOMAH,2012,1
CO,MESA,2012,16
OR,LANE,2012,4
MO,GREENE,2012,1
OH,MONTGOMERY,2012,24
NV,ELKO,2012,29
ID,ELMORE,2012,2
NJ,ESSEX,2012,11
AK,SKAGWAY-HOONAH-ANGOON,2014,16
SD,MEADE,2014,5
WA,CHELAN,2014,2
NY,JEFFERSON,2014,13
IN,VANDERBURGH,2014,10
IN,VANDERBURGH,2022,12
TX,TOM GREEN,2021,5
IN,MARION,2020,9
AR,LAWRENCE,2022,4
AR,WASHINGTON,2020,2
SD,MEADE,2020,11
KY,BOONE,2020,7
OH,CLINTON,2020,5
TX,POTTER,2021,11
TX,MIDLAND,2021,9
TX,WICHITA,2021,11
KS,SHAWNEE,2020,5
NE,LINCOLN,2020,18
AK,WRANGELL-PETERSBURG,2021,4
TN,DAVIDSON,2021,8
TX,WICHITA,2022,9
WA,KING,2022,11
TX,DALLAM,2020,9
MO,GREENE,2020,3
NJ,ATLANTIC,2021,2
VA,ROANOKE,2021,6
OK,OKLAHOMA,2021,13
DE,KENT,2021,4
SD,MEADE,2021,7
MD,PRINCE GEORGE'S,2021,3
TX,CHILDRESS,2020,2
ND,WARD,2020,8
MD,CALVERT,2022,5
CT,FAIRFIELD,2022,14
TX,CHILDRESS,2022,3
OK,TULSA,2004,4
VA,HAMPTON (CITY),2013,1
TX,DALLAS,2013,5
NY,JEFFERSON,2013,8
OK,TULSA,2021,8
VA,HENRICO,2022,8
CO,ARAPAHOE,2018,19
WA,KING,2018,2
NC,PASQUOTANK,2007,1
UT,DAVIS,2015,30
MD,ANNE ARUNDEL,2015,34
TX,TARRANT,2015,4
IN,VANDERBURGH,2015,16
MD,CALVERT,2015,16
IN,MIAMI,2006,5
MA,BARNSTABLE,2006,11
NJ,BERGEN,2006,3
GA,FLOYD,2006,1
KY,HARDIN,2005,1
VA,HENRICO,2006,3
TN,BLOUNT,2006,4
ID,NEZ PERCE,2006,4
TN,HAMILTON,2017,2
NM,UNION,2017,6
VA,SUSSEX,2017,4
DE,KENT,2014,9
TX,TARRANT,2014,1
OR,MULTNOMAH,2014,6
AK,WADE HAMPTON,2008,3
OK,GARFIELD,2008,3
MO,JOHNSON,2008,4
IN,VANDERBURGH,2008,2
MO,GREENE,2008,7
VA,LOUDOUN,2008,7
TX,POTTER,2022,7
NJ,BURLINGTON,2019,11
NJ,BERGEN,2019,2
NC,NEW HANOVER,2018,5
AR,PULASKI,2018,2
KY,JEFFERSON,2018,16
KY,HARDIN,2018,12
VA,HAMPTON (CITY),2018,2
IL,ST. CLAIR,2006,3
KS,CLOUD,2006,5
VA,CAMPBELL,2006,4
OR,HOOD RIVER,2013,1
TX,CHILDRESS,2013,4
MA,HAMPDEN,2013,4
TX,DALLAS,2010,5
TN,BLOUNT,2010,14
LA,CADDO,2010,3
VA,PITTSYLVANIA,2010,6
UT,TOOELE,2010,3
KY,FAYETTE,2009,12
KY,CHRISTIAN,2009,2
AL,JEFFERSON,2022,1
UT,WAYNE,2011,2
SC,SUMTER,2011,2
WI,WOOD,2011,17
SD,ROBERTS,2011,3
KY,CHRISTIAN,2011,4
TX,TARRANT,2007,1
NJ,BURLINGTON,2009,5
TN,SHELBY,2009,6
ND,WARD,2009,2
NV,CHURCHILL,2018,2
KS,GEARY,2019,1
AR,BOONE,2019,1
NY,NEW YORK,2019,11
NV,CHURCHILL,2017,6
OR,LANE,2014,3
MA,HAMPDEN,2014,7
MO,JOHNSON,2012,2
NY,QUEENS,2012,8
NH,HILLSBOROUGH,2012,27
NJ,BERGEN,2012,6
PA,PHILADELPHIA,2012,4
NJ,ATLANTIC,2012,3
TX,WICHITA,2012,3
KY,FAYETTE,2012,6
TX,TRAVIS,2017,2
NM,CHAVES,2017,2
VA,ARLINGTON,2017,7
DE,KENT,2017,8
KY,FAYETTE,2017,4
TX,DALLAM,2017,4
SD,MEADE,2016,3
TX,DALLAM,2016,1
KY,FAYETTE,2016,13
AK,SITKA BOROUGH,2016,8
KS,GEARY,2008,13
MD,WICOMICO,2008,1
TX,EL PASO,2013,3
TN,SULLIVAN,2013,12
IL,ST. CLAIR,2013,7
ID,NEZ PERCE,2013,5
OK,OKLAHOMA,2005,4
TN,HAMILTON,2014,4
MD,HARFORD,2019,8
OK,TULSA,2010,11
KS,GEARY,2010,2
TX,WICHITA,2019,2
PA,PHILADELPHIA,2019,7
TX,WICHITA,2014,5
TX,CHILDRESS,2014,5
PA,LEBANON,2008,9
IL,ST. CLAIR,2008,5
OK,TULSA,2008,3
KY,JEFFERSON,2009,12
VA,HENRICO,2009,13
NC,WAYNE,2009,1
PA,LEBANON,2011,10
MD,HARFORD,2016,8
MO,ST. LOUIS,2016,13
TX,LUBBOCK,2016,6
TN,DAVIDSON,2016,8
TN,SULLIVAN,2016,17
VA,LOUDOUN,2012,4
MD,ANNE ARUNDEL,2012,6
CT,FAIRFIELD,2012,4
DC,LOUDOUN,2012,4
ID,ADA,2012,2
VA,CAMPBELL,2011,2
TX,WICHITA,2011,4
CO,PUEBLO,2019,23
NJ,ESSEX,2019,16
TX,LUBBOCK,2012,2
OR,JACKSON,2012,1
MD,PRINCE GEORGE'S,2007,7
TX,MCLENNAN,2007,1
IL,ROCK ISLAND,2015,1
VA,VIRGINIA BEACH (CITY),2015,3
WA,KING,2010,4
NY,JEFFERSON,2010,5
ID,ELMORE,2016,5
KY,CHRISTIAN,2018,2
SD,WALWORTH,2011,3
CA,INYO,2011,1
OK,KIOWA,2013,1
CO,PUEBLO,2013,12
TX,TOM GREEN,2007,1
AK,DENALI BOROUGH,2007,5
NM,CURRY,2007,5
UT,WAYNE,2006,6
PA,LEBANON,2006,2
TN,DAVIDSON,2006,6
DE,NEW CASTLE,2006,5
KY,JEFFERSON,2005,4
OK,TULSA,2005,6
VA,HAMPTON (CITY),2005,3
NC,MECKLENBURG,2016,5
IN,VANDERBURGH,2009,4
AR,WASHINGTON,2015,9
AR,BAXTER,2015,1
OK,KIOWA,2012,2
SD,MEADE,2012,2
VA,HENRICO,2012,3
MD,CALVERT,2014,16
WA,YAKIMA,2014,9
MT,GARFIELD,2022,1
KY,HARDIN,2022,5
NY,NEW YORK,2020,9
VA,PITTSYLVANIA,2021,2
DE,NEW CASTLE,2020,2
VA,VIRGINIA BEACH (CITY),2021,1
TX,MIDLAND,2020,3
IN,VANDERBURGH,2021,9
TX,MCLENNAN,2021,6
NC,CUMBERLAND,2022,1
VA,NORFOLK (CITY),2021,4
NV,CHURCHILL,2021,3
WI,TAYLOR,2020,1
VA,PITTSYLVANIA,2022,7
KY,WARREN,2022,5
NC,WAKE,2021,2
TX,LUBBOCK,2020,2
AR,WASHINGTON,2013,7
MD,CALVERT,2013,4
UT,TOOELE,2018,2
UT,WAYNE,2007,3
KY,CHRISTIAN,2007,2
VA,CAMPBELL,2007,2
TX,BEXAR,2017,2
CO,PUEBLO,2017,11
TN,HAMILTON,2015,6
OK,COMANCHE,2006,1
DE,KENT,2006,3
OH,LUCAS,2006,3
TN,SHELBY,2006,4
KY,JEFFERSON,2006,4
AK,WRANGELL-PETERSBURG,2017,3
TX,CHILDRESS,2017,2
AR,SEBASTIAN,2014,4
TX,POTTER,2014,5
DE,KENT,2008,2
NM,BERNALILLO,2008,6
VA,ARLINGTON,2008,6
MS,LEE,2008,1
NC,WAYNE,2022,1
TX,MIDLAND,2015,3
AK,KODIAK ISLAND BOROUGH,2018,3
MD,HARFORD,2018,2
ID,ELMORE,2018,2
VA,FAIRFAX,2006,3
NV,CHURCHILL,2006,3
OH,GREENE,2006,5
TX,POTTER,2006,8
AK,PRINCE OF WALES-OUTER KETCHIKA,2013,6
NC,MECKLENBURG,2010,10
KY,CHRISTIAN,2010,2
OR,HOOD RIVER,2009,1
NV,CHURCHILL,2009,11
UT,TOOELE,2022,11
NV,CHURCHILL,2011,1
NC,NEW HANOVER,2011,2
VA,ROANOKE,2007,3
TN,DAVIDSON,2018,7
MD,CALVERT,2018,5
ID,ADA,2019,9
NM,CURRY,2018,2
UT,TOOELE,2017,3
NM,CURRY,2017,1
AL,LIMESTONE,2014,2
WA,THURSTON,2012,4
IN,VANDERBURGH,2012,5
IA,WAPELLO,2017,3
TN,SULLIVAN,2017,7
WA,PIERCE,2016,2
NC,WAKE,2016,5
TN,BLOUNT,2016,5
NM,UNION,2016,4
CA,KERN,2008,2
NJ,BURLINGTON,2013,6
KS,GEARY,2013,3
VA,NEWPORT NEWS (CITY),2005,3
LA,RAPIDES,2014,1
VA,ROANOKE,2019,7
TX,DALLAM,2019,2
MA,HAMPDEN,2010,2
AK,NORTH SLOPE BOROUGH,2010,1
VA,NEWPORT NEWS (CITY),2010,4
TX,TAYLOR,2014,3
OK,KIOWA,2014,1
VA,VIRGINIA BEACH (CITY),2014,8
VA,HENRICO,2008,2
VA,NEWPORT NEWS (CITY),2009,1
TX,LUBBOCK,2009,7
NM,OTERO,2009,3
CA,KERN,2011,1
WA,KING,2011,4
ID,ELMORE,2011,1
VA,NORFOLK (CITY),2016,3
AR,JEFFERSON,2017,2
MO,JOHNSON,2015,8
NM,BERNALILLO,2012,5
NM,CURRY,2012,1
IN,MIAMI,2012,7
AK,WADE HAMPTON,2011,1
WI,WINNEBAGO,2011,1
AZ,PIMA,2019,1
OK,KIOWA,2019,1
VA,HENRICO,2019,4
AK,WADE HAMPTON,2007,2
TN,SULLIVAN,2007,3
AK,WRANGELL-PETERSBURG,2015,8
LA,BOSSIER,2015,1
NV,CHURCHILL,2005,1
AK,PRINCE OF WALES-OUTER KETCHIKA,2015,10
NY,NEW YORK,2012,4
CT,HARTFORD,2012,5
OR,DESCHUTES,2014,2
NC,NEW HANOVER,2014,3
VA,SUSSEX,2020,1
NM,UNION,2020,7
PA,PHILADELPHIA,2022,6
TX,EL PASO,2020,2
AL,LIMESTONE,2022,3
VA,FAIRFAX,2022,1
VA,CAMPBELL,2021,4
MD,CALVERT,2021,2
NJ,BERGEN,2020,1
MD,PRINCE GEORGE'S,2020,1
AK,YAKUTAT BOROUGH,2018,8
LA,BOSSIER,2018,1
AR,JEFFERSON,2018,4
OR,MULTNOMAH,2007,4
ID,ADA,2007,7
KY,JEFFERSON,2017,3
KY,HARDIN,2017,3
MO,JOHNSON,2017,4
OH,FRANKLIN,2006,4
ID,CASSIA,2005,4
TX,POTTER,2005,7
NY,WESTCHESTER,2005,1
OK,TULSA,2017,2
MI,BERRIEN,2017,11
TN,SHELBY,2014,2
WA,PIERCE,2014,1
WA,KING,2014,3
ID,NEZ PERCE,2014,9
IA,DUBUQUE,2006,1
WA,BENTON,2013,4
SC,SUMTER,2010,2
SC,LEXINGTON,2010,4
AL,MOBILE,2010,1
UT,TOOELE,2009,6
ID,NEZ PERCE,2009,8
IL,ST. CLAIR,2009,2
TX,DALLAS,2011,3
TX,TRAVIS,2007,1
OR,JACKSON,2007,4
WA,CHELAN,2018,1
TN,DAVIDSON,2017,1
MD,CALVERT,2017,7
NC,WAKE,2012,2
KS,CLOUD,2012,10
MA,HAMPDEN,2012,2
IL,ROCK ISLAND,2017,2
AR,JEFFERSON,2016,1
DE,NEW CASTLE,2008,5
IL,ST. CLAIR,2005,8
NC,WAKE,2014,6
NM,CHAVES,2014,1
OR,MULTNOMAH,2019,7
OK,GARFIELD,2010,3
NM,CURRY,2019,1
AR,SEBASTIAN,2019,1
MO,GREENE,2009,10
TX,MIDLAND,2011,6
IL,ST. CLAIR,2016,3
TX,CHILDRESS,2016,1
OK,OKLAHOMA,2012,4
DE,NEW CASTLE,2012,4
NY,JEFFERSON,2011,2
LA,CADDO,2011,2
MI,MARQUETTE,2019,1
TN,SHELBY,2012,2
NY,JEFFERSON,2012,1
NC,MECKLENBURG,2008,1
GA,FULTON,2008,2
OK,COMANCHE,2007,4
OK,TULSA,2018,1
IA,WAPELLO,2018,1
VA,FAIRFAX,2013,4
ID,ELMORE,2013,3
PA,MONTGOMERY,2006,6
IA,WAPELLO,2016,3
OK,GARFIELD,2009,3
ID,CASSIA,2009,2
NY,JEFFERSON,2015,4
MD,PRINCE GEORGE'S,2015,2
ID,ELMORE,2014,2
AR,JEFFERSON,2022,5
VA,ROANOKE,2020,4
NM,CURRY,2021,3
AR,SEBASTIAN,2020,2
AK,WADE HAMPTON,2022,5
PA,PHILADELPHIA,2020,4
NM,OTERO,2020,2
NM,BERNALILLO,2020,5
NM,CHAVES,2020,4
OK,GARFIELD,2021,3
TX,TARRANT,2021,6
TX,WICHITA,2004,1
TX,DALLAS,2004,1
WA,PIERCE,2013,1
AK,WADE HAMPTON,2018,3
NC,GUILFORD,2018,18
VA,ARLINGTON,2018,8
NC,WAKE,2017,4
NJ,BURLINGTON,2006,2
PA,PHILADELPHIA,2006,5
NM,CHAVES,2006,2
TX,TAYLOR,2020,2
TX,TAYLOR,2013,4
VA,ACCOMACK,2013,5
NC,MECKLENBURG,2013,3
TX,TOM GREEN,2010,1
VA,HAMPTON (CITY),2010,2
NV,CHURCHILL,2010,2
MD,CALVERT,2011,3
MD,PRINCE GEORGE'S,2009,3
VA,NEWPORT NEWS (CITY),2018,1
TX,POTTER,2012,2
KY,CHRISTIAN,2016,4
NC,GUILFORD,2013,3
SD,MEADE,2013,6
CA,KERN,2005,1
WI,GRANT,2014,1
ID,POWER,2004,1
NM,CURRY,2014,2
MD,PRINCE GEORGE'S,2008,1
NC,CUMBERLAND,2011,3
PA,LEBANON,2016,5
AK,LAKE AND PENINSULA BOROUGH,2015,1
AR,JEFFERSON,2015,5
NV,WASHOE,2007,2
NC,NEW HANOVER,2010,1
WA,KING,2016,2
IN,VANDERBURGH,2006,1
SD,HARDING,2005,1
KS,GEARY,2015,1
NM,CHAVES,2012,1
MS,LEE,2014,1
LA,CADDO,2014,3
TX,DALLAS,2022,2
ID,BONNEVILLE,2020,1
SC,LEXINGTON,2022,2
OR,MULTNOMAH,2020,1
VA,ACCOMACK,2021,4
VA,SUSSEX,2021,1
NM,CHAVES,2022,1
LA,CADDO,2004,1
NV,CHURCHILL,2013,3
WA,ISLAND,2022,9
VA,VIRGINIA BEACH (CITY),2017,2
OK,GARFIELD,2006,4
MD,CALVERT,2006,2
VA,STAFFORD,2006,2
NM,CURRY,2006,2
CA,LOS ANGELES,2006,1
WA,KING,2006,3
AK,NORTH SLOPE BOROUGH,2005,1
NM,BERNALILLO,2005,1
WA,PIERCE,2006,2
TN,SHELBY,2017,3
VA,CAMPBELL,2008,1
WA,FRANKLIN,2015,3
TX,DALLAS,2015,3
WI,TAYLOR,2013,1
OK,COMANCHE,2010,1
GA,HOUSTON,2010,2
TX,TAYLOR,2011,9
CA,HUMBOLDT,2007,1
OR,LANE,2018,1
TX,POTTER,2019,2
VA,FAIRFAX,2017,1
PA,LEBANON,2012,1
OR,MULTNOMAH,2017,1
NV,CLARK,2008,2
TX,LUBBOCK,2013,5
MO,JOHNSON,2005,3
IL,CHAMPAIGN,2014,1
CA,INYO,2019,3
WA,PIERCE,2010,1
VA,ACCOMACK,2008,4
MD,PRINCE GEORGE'S,2017,3
VA,VIRGINIA BEACH (CITY),2016,3
ND,WARD,2012,1
AR,WASHINGTON,2012,1
VA,PITTSYLVANIA,2012,1
TX,MIDLAND,2012,2
OR,MULTNOMAH,2011,1
TX,EL PASO,2011,4
WA,YAKIMA,2019,1
VA,FAIRFAX,2018,2
AL,JEFFERSON,2011,4
AK,WRANGELL-PETERSBURG,2022,1
VA,NEWPORT NEWS (CITY),2022,1
WA,PIERCE,2020,1
TX,WICHITA,2013,3
VA,HENRICO,2007,1
ID,NEZ PERCE,2015,2
VA,NORFOLK (CITY),2006,2
TN,SULLIVAN,2005,1
TX,LUBBOCK,2005,4
ID,BLAINE,2008,1
CA,INYO,2013,3
MS,LOWNDES,2013,1
TX,TAYLOR,2010,3
TX,MCLENNAN,2010,2
TX,DALLAS,2009,1
VA,VIRGINIA BEACH (CITY),2011,3
CA,EL DORADO,2018,2
GA,CHATTAHOOCHEE,2014,1
TX,TOM GREEN,2012,1
GA,COBB,2017,2
TX,TARRANT,2008,2
CA,NEVADA,2005,6
VA,NEWPORT NEWS (CITY),2014,1
GA,FULTON,2004,2
SC,CHARLESTON,2010,1
TX,LUBBOCK,2008,1
GA,FULTON,2009,2
OK,COMANCHE,2017,1
PA,MONTGOMERY,2004,3
VA,ROANOKE,2008,3
ND,CASS,2011,9
TX,MIDLAND,2016,1
NM,UNION,2012,1
KS,GEARY,2014,3
KY,HARDIN,2020,1
OR,MULTNOMAH,2022,1
OK,GARFIELD,2020,1
CA,INYO,2020,1
VA,ACCOMACK,2020,1
KY,HARDIN,2007,2
TN,HAMILTON,2022,2
AZ,GRAHAM,2006,1
VA,ACCOMACK,2009,3
AK,KENAI PENINSULA BOROUGH,2007,1
NC,MECKLENBURG,2009,2
KS,FORD,2012,3
KY,HARDIN,2012,1
CA,SHASTA,2013,3
TX,TARRANT,2013,1
VA,CAMPBELL,2005,1
GA,CHATTAHOOCHEE,2010,1
UT,TOOELE,2019,1
AL,MOBILE,2014,2
NM,CURRY,2008,1
LA,JEFFERSON,2004,1
TX,MIDLAND,2007,2
NM,CHAVES,2010,4
GA,COBB,2010,1
TX,TAYLOR,2018,1
OK,COMANCHE,2009,1
NC,NEW HANOVER,2009,1
MS,LOWNDES,2021,1
LA,RAPIDES,2021,1
NC,WAYNE,2020,1
CA,INYO,2022,2
OR,JACKSON,2021,2
WA,CHELAN,2020,1
TX,VAL VERDE,2021,1
TX,EL PASO,2021,1
TX,MIDLAND,2022,2
IA,FLOYD,2022,1
AR,LAWRENCE,2018,1
IL,ST. CLAIR,2017,3
LA,JEFFERSON,2006,1
AR,JEFFERSON,2014,1
NC,DARE,2015,1
OK,TULSA,2019,2
TN,BLOUNT,2018,2
ND,MCLEAN,2006,1
AR,PULASKI,2007,1
UT,WAYNE,2009,3
AK,NORTH SLOPE BOROUGH,2009,1
KS,GEARY,2018,1
TX,DALLAS,2012,1
MO,JOHNSON,2016,1
GA,COBB,2016,1
VA,PITTSYLVANIA,2013,1
TX,TRAVIS,2004,1
OR,HOOD RIVER,2010,1
OR,LANE,2010,1
UT,GRAND,2008,1
MO,HOWELL,2015,1
NM,UNION,2008,3
ID,ADA,2011,2
AK,SITKA BOROUGH,2015,2
FL,ESCAMBIA,2014,1
TN,DAVIDSON,2020,1
IL,ST. CLAIR,2020,1
TX,WALKER,2021,1
OK,OKLAHOMA,2018,1
MS,LEE,2015,1
NC,WAKE,2005,1
VA,VIRGINIA BEACH (CITY),2018,1
NM,BERNALILLO,2010,1
VA,HAMPTON (CITY),2022,1
NC,GUILFORD,2007,1
VA,STAFFORD,2009,1
TN,HAMILTON,2009,1
WA,PIERCE,2009,1
KY,CHRISTIAN,2014,1
OK,OKLAHOMA,2017,1
OK,KIOWA,2005,1
NC,GUILFORD,2005,2
SD,MEADE,2015,2
IA,SCOTT,2011,1
AK,WADE HAMPTON,2012,1
TN,HAMILTON,2007,1
NC,GUILFORD,2006,1
AK,WADE HAMPTON,2009,1
AR,JACKSON,2015,1
MS,LEE,2022,1
TX,HARRIS,2021,1
WA,KING,2013,1
KY,CHRISTIAN,2021,1
WA,KING,2005,1
OR,UMATILLA,2006,1
WA,WALLA WALLA,2019,1
PA,LEBANON,2010,1
TX,TRAVIS,2011,1
TX,BEXAR,2011,1
WI,GRANT,2011,1
OR,COOS,2007,1
AK,NORTHWEST ARCTIC BOROUGH,2018,1
GA,CHATTAHOOCHEE,2018,1
AR,JEFFERSON,2012,1
FL,TAYLOR,2005,1
AR,LAWRENCE,2019,1
CA,INYO,2010,1
NM,RIO ARRIBA,2008,1
UT,WAYNE,2012,1
OR,JACKSON,2011,1
TX,EL PASO,2004,1
WA,ISLAND,2016,1
KY,WARREN,2018,1
MD,WICOMICO,2007,1
NV,WHITE PINE,2006,1
GA,FULTON,2005,1
TX,HARRIS,2009,1